"CoverageClass","MetadataKinds","DefName","Label","ModName","PackageId","BaseCost","BuildingCount","TerrainCount","Terrains","RecipeCount","SurgeryCount","Recipes","NonBuildingThingCount","NonBuildingThings","RequiredAnalyzedCount","RequiredAnalyzed","Techprint","ResearchModCount","ResearchModTypes","PrerequisiteCount","Prerequisites"
"GenericFallbackOnly","","Ferny_PrisonArchitecture","Prison architecture","","","500","0","0","","0","0","","0","","0","","","0","","1","Smithing"
"ThematicMetadata","NonBuildingThing","SecurityClearanceLevels","Security key cards","Security Clearance","7f.SecurityClearance","700","0","0","","0","0","","12","Apparel_SecurityClearanceKeycard_Alpha;Apparel_SecurityClearanceKeycard_Beta;Apparel_SecurityClearanceKeycard_Delta;Apparel_SecurityClearanceKeycard_Epsilon;Apparel_SecurityClearanceKeycard_Gamma;Apparel_SecurityClearanceKeycard_Lambda;Apparel_SecurityClearanceKeycard_Omega;Apparel_SecurityClearanceKeycard_Phi;Apparel_SecurityClearanceKeycard_Tau;Apparel_SecurityClearanceKeycard_Theta;SecurityClearanceBrainImplant;SecurityClearanceChipImplant","0","","","0","","1","Autodoors"
"ThematicMetadata","OtherRecipe;NonBuildingThing","ABT_Research_AS_CataphractArmor","Breacher armor","Armors For All Tech Levels","Bamba.AllBambaArmors","10000","0","0","","2","0","Make_ABT_Apparel_AS_CataphractArmor;Make_ABT_Apparel_AS_CataphractHelmet","2","ABT_Apparel_AS_CataphractArmor;ABT_Apparel_AS_CataphractHelmet","0","","","0","","2","ABT_Research_AS_MarineArmor;CataphractArmor"
"ThematicMetadata","OtherRecipe;NonBuildingThing","ABT_Research_AS_MarineArmor","Vanguard armor","Armors For All Tech Levels","Bamba.AllBambaArmors","8000","0","0","","2","0","Make_ABT_Apparel_AS_MarineArmor;Make_ABT_Apparel_AS_MarineHelmet","2","ABT_Apparel_AS_MarineArmor;ABT_Apparel_AS_MarineHelmet","0","","","0","","2","ABT_Research_AS_ReconArmor;PoweredArmor"
"ThematicMetadata","OtherRecipe;NonBuildingThing","ABT_Research_AS_ReconArmor","Flanker armor","Armors For All Tech Levels","Bamba.AllBambaArmors","12000","0","0","","2","0","Make_ABT_Apparel_AS_ReconArmor;Make_ABT_Apparel_AS_ReconHelmet","2","ABT_Apparel_AS_ReconArmor;ABT_Apparel_AS_ReconHelmet","0","","","0","","1","ReconArmor"
"GenericFallbackOnly","","ABT_Research_IND_CataphractArmor","Heavy-duty suit","Armors For All Tech Levels","Bamba.AllBambaArmors","2500","0","0","","0","0","","0","","0","","","0","","1","ABT_Research_IND_MarineArmor"
"GenericFallbackOnly","","ABT_Research_IND_MarineArmor","Combat suit","Armors For All Tech Levels","Bamba.AllBambaArmors","2500","0","0","","0","0","","0","","0","","","0","","1","ABT_Research_IND_ReconArmor"
"GenericFallbackOnly","","ABT_Research_IND_ReconArmor","Light suit","Armors For All Tech Levels","Bamba.AllBambaArmors","2000","0","0","","0","0","","0","","0","","","0","","2","FlakArmor;MicroelectronicsBasics"
"ThematicMetadata","OtherRecipe;NonBuildingThing;Techprint","CAT_EmpireUltraApparelResearch","Stellic apparels","Imperial Attires","CAT.Imperial.Attires","7500","0","0","","4","0","Make_CAT_MagusHood;Make_CAT_MagusHoodOpen;Make_CAT_PrestigeStellicKnightArmor;Make_CAT_PrestigeStellicKnightHelmet","4","CAT_MagusHood;CAT_MagusHoodOpen;CAT_PrestigeStellicKnightArmor;CAT_PrestigeStellicKnightHelmet","0","","Techprint_CAT_EmpireUltraApparelResearch","0","","1","CataphractArmor"
"ThematicMetadata","OtherRecipe;NonBuildingThing","DankPyon_AdornedArmor","Adorned armor","Medieval Overhaul","DankPyon.Medieval.Overhaul","1500","0","0","","6","0","Make_DankPyon_Adorned_FlatTop;Make_DankPyon_Adorned_GreatHelm;Make_DankPyon_Adorned_HeavyMailCoif;Make_DankPyon_Apparel_AdornedHeavyPlate;Make_DankPyon_Apparel_AdornedMailShirt;Make_DankPyon_Apparel_AdornedWarriorArmor","6","DankPyon_Adorned_FlatTop;DankPyon_Adorned_GreatHelm;DankPyon_Adorned_HeavyMailCoif;DankPyon_Apparel_AdornedHeavyPlate;DankPyon_Apparel_AdornedMailShirt;DankPyon_Apparel_AdornedWarriorArmor","0","","","0","","1","NobleApparel"
"ThematicMetadata","OtherRecipe;NonBuildingThing","DankPyon_AdvancedCooking","Advanced cooking","Medieval Overhaul","DankPyon.Medieval.Overhaul","800","0","0","","13","0","DankPyon_CookMealCheeseSoup;DankPyon_CookMealCheeseSoupBulk;DankPyon_CookMealGriffonBerryPie;DankPyon_CookMealGriffonBerryPieBulk;DankPyon_CookMealGriffonBerryPieBulkier;DankPyon_CookMealRoxFeast;DankPyon_CookMealRoxFeast_Bulk;DankPyon_CookMealRoxSteak;DankPyon_CookMealRoxSteakBulk;DankPyon_CookMealSteakWithWine;DankPyon_CookMealSteakWithWineBulk;VCE_CookBakeGourmet;VCE_CookSoupGourmet","7","DankPyon_MealCheeseSoup;DankPyon_MealGriffonBerryPie;DankPyon_MealRoxFeast;DankPyon_MealRoxSteak;DankPyon_MealSteakWithWine;VCE_GourmetBake;VCE_UncookedSoupGourmet","0","","","0","","1","DankPyon_IntermediateCooking"
"ThematicMetadata","OtherRecipe;NonBuildingThing","DankPyon_BasicBlades","Basic blades","Medieval Overhaul","DankPyon.Medieval.Overhaul","300","0","0","","5","0","Make_DankPyon_MeleeWeapon_ButcherCleaver;Make_DankPyon_MeleeWeapon_Falchion;Make_DankPyon_MeleeWeapon_Hatchet;Make_DankPyon_MeleeWeapon_WoodcuttersAxe;Make_MeleeWeapon_Axe","5","DankPyon_MeleeWeapon_ButcherCleaver;DankPyon_MeleeWeapon_Falchion;DankPyon_MeleeWeapon_Hatchet;DankPyon_MeleeWeapon_WoodcuttersAxe;MeleeWeapon_Axe","0","","","0","","1","Smithing"
"ThematicMetadata","OtherRecipe;NonBuildingThing","DankPyon_BasicCooking","Basic cooking","Medieval Overhaul","DankPyon.Medieval.Overhaul","400","0","0","","17","0","DankPyon_CookMealFriedEggs;DankPyon_CookMealFriedEggsBulk;DankPyon_CookMealMashedPotatoes;DankPyon_CookMealMashedPotatoesBulk;DankPyon_CookMealPumpkinFritters;DankPyon_CookMealPumpkinFrittersBulk;DankPyon_CookMealRoxRoast;DankPyon_CookMealRoxRoast_Bulk;DankPyon_MakeSausages;DankPyon_MakeSausagesBulk;DankPyon_MakeSpice;DankPyon_MakeSpiceBulk;DankPyon_MakeTallow;DankPyon_MakeTallowBulk;VCE_CookBakeFine;VCE_CookBakeFineBulk;VCE_CookSoupFine","9","DankPyon_MealFriedEggs;DankPyon_MealMashedPotatoes;DankPyon_MealPumpkinFritters;DankPyon_MealRoxRoast;DankPyon_Sausages;DankPyon_Spices;DankPyon_Tallow;VCE_FineBake;VCE_UncookedSoupFine","0","","","0","","1","Ferny_FueledStove"
"ThematicMetadata","OtherRecipe;NonBuildingThing","DankPyon_BasicMaces","Basic maces","Medieval Overhaul","DankPyon.Medieval.Overhaul","300","0","0","","4","0","Make_DankPyon_MeleeWeapon_Bludgeon;Make_DankPyon_MeleeWeapon_Goedendag;Make_DankPyon_MeleeWeapon_TwoHandedMace;Make_DankPyon_MeleeWeapon_TwoHandedMallet","4","DankPyon_MeleeWeapon_Bludgeon;DankPyon_MeleeWeapon_Goedendag;DankPyon_MeleeWeapon_TwoHandedMace;DankPyon_MeleeWeapon_TwoHandedMallet","0","","","0","","1","Smithing"
"ThematicMetadata","OtherRecipe;NonBuildingThing","DankPyon_BasicPolearms","Basic polearms","Medieval Overhaul","DankPyon.Medieval.Overhaul","300","0","0","","4","0","Make_DankPyon_MeleeWeapon_HookedBlade;Make_DankPyon_MeleeWeapon_MilitiaSpear;Make_DankPyon_MeleeWeapon_Pitchfork;Make_DankPyon_MeleeWeapon_Warfork","4","DankPyon_MeleeWeapon_HookedBlade;DankPyon_MeleeWeapon_MilitiaSpear;DankPyon_MeleeWeapon_Pitchfork;DankPyon_MeleeWeapon_Warfork","0","","","0","","1","Smithing"
"ThematicMetadata","OtherRecipe;NonBuildingThing","DankPyon_ChainArmor","Chain armor","Medieval Overhaul","DankPyon.Medieval.Overhaul","1500","0","0","","19","0","Make_DankPyon_Adorned_FlatTop;Make_DankPyon_Adorned_HeavyMailCoif;Make_DankPyon_Apparel_AdornedMailShirt;Make_DankPyon_Apparel_AdornedWarriorArmor;Make_DankPyon_Apparel_ChaussesSplinted;Make_DankPyon_Apparel_Hauberk;Make_DankPyon_Apparel_Heavy_Hauberk;Make_DankPyon_Footwear_BootsSplinted;Make_DankPyon_Handwear_GlovesSplinted;Make_DankPyon_Headgear_ChainClosedFlatTopHelmet;Make_DankPyon_Headgear_ChainCoif;Make_DankPyon_Headgear_ChainCoifFull;Make_DankPyon_Headgear_ChainKettleHelmet;Make_DankPyon_Headgear_ChainNasalHelmet;Make_DankPyon_Headgear_ChainNasalRedHelmet;Make_DankPyon_Headgear_Chain_FlatTopHelmet;Make_DankPyon_Headgear_ZweihanderHelm;Make_DankPyon_Headgear_ZweihanderHelmRoxmont;Make_DankPyon_ShieldHeater","19","DankPyon_Adorned_FlatTop;DankPyon_Adorned_HeavyMailCoif;DankPyon_Apparel_AdornedMailShirt;DankPyon_Apparel_AdornedWarriorArmor;DankPyon_Apparel_ChaussesSplinted;DankPyon_Apparel_Hauberk;DankPyon_Apparel_Heavy_Hauberk;DankPyon_Footwear_BootsSplinted;DankPyon_Handwear_GlovesSplinted;DankPyon_Headgear_ChainClosedFlatTopHelmet;DankPyon_Headgear_ChainCoif;DankPyon_Headgear_ChainCoifFull;DankPyon_Headgear_ChainKettleHelmet;DankPyon_Headgear_ChainNasalHelmet;DankPyon_Headgear_ChainNasalRedHelmet;DankPyon_Headgear_Chain_FlatTopHelmet;DankPyon_Headgear_ZweihanderHelm;DankPyon_Headgear_ZweihanderHelmRoxmont;DankPyon_ShieldHeater","0","","","0","","1","DankPyon_ProtectiveClothing"
"ThematicMetadata","OtherRecipe;NonBuildingThing","DankPyon_Gunpowder","Gunpowder","Medieval Overhaul","DankPyon.Medieval.Overhaul","1000","0","0","","7","0","DankPyon_MakeGunpowder;DankPyon_MakeGunpowderBulk;Make_DankPyon_Handgonne;Make_DankPyon_Weapon_AcidFlask;Make_DankPyon_Weapon_PotFire;Make_DankPyon_Weapon_PotFlash;Make_DankPyon_Weapon_PotFlashSmoke","6","DankPyon_Gunpowder;DankPyon_Handgonne;DankPyon_Weapon_AcidFlask;DankPyon_Weapon_PotFire;DankPyon_Weapon_PotFlash;DankPyon_Weapon_PotFlashSmoke","0","","","0","","1","DankPyon_Alchemy"
"ThematicMetadata","OtherRecipe;NonBuildingThing","DankPyon_HuntingBow","Hunting bow","Medieval Overhaul","DankPyon.Medieval.Overhaul","500","0","0","","1","0","Make_DankPyon_Bow_Hunting","1","DankPyon_Bow_Hunting","0","","","0","","1","RecurveBow"
"ThematicMetadata","OtherRecipe;NonBuildingThing","DankPyon_MilitaryBlades","Military blades","Medieval Overhaul","DankPyon.Medieval.Overhaul","600","0","0","","5","0","Make_DankPyon_MeleeWeapon_ArmingSword;Make_DankPyon_MeleeWeapon_Bardiche;Make_DankPyon_MeleeWeapon_Handaxe;Make_DankPyon_MeleeWeapon_Longaxe;Make_DankPyon_MeleeWeapon_Longsword","5","DankPyon_MeleeWeapon_ArmingSword;DankPyon_MeleeWeapon_Bardiche;DankPyon_MeleeWeapon_Handaxe;DankPyon_MeleeWeapon_Longaxe;DankPyon_MeleeWeapon_Longsword","0","","","0","","1","DankPyon_BasicBlades"
"ThematicMetadata","OtherRecipe;NonBuildingThing","DankPyon_MilitaryMaces","Military maces","Medieval Overhaul","DankPyon.Medieval.Overhaul","600","0","0","","9","0","Make_DankPyon_MeleeWeapon_BlacksmithHammer;Make_DankPyon_MeleeWeapon_MilitaryPick;Make_DankPyon_MeleeWeapon_MorningStar;Make_DankPyon_MeleeWeapon_NomadMace;Make_DankPyon_MeleeWeapon_Pickaxe;Make_DankPyon_MeleeWeapon_Polehammer;Make_DankPyon_MeleeWeapon_TwoHandedHammer;Make_DankPyon_MeleeWeapon_WingedMace;Make_MeleeWeapon_Warhammer","9","DankPyon_MeleeWeapon_BlacksmithHammer;DankPyon_MeleeWeapon_MilitaryPick;DankPyon_MeleeWeapon_MorningStar;DankPyon_MeleeWeapon_NomadMace;DankPyon_MeleeWeapon_Pickaxe;DankPyon_MeleeWeapon_Polehammer;DankPyon_MeleeWeapon_TwoHandedHammer;DankPyon_MeleeWeapon_WingedMace;MeleeWeapon_Warhammer","0","","","0","","1","DankPyon_BasicMaces"
"ThematicMetadata","OtherRecipe;NonBuildingThing","DankPyon_MilitaryPolearms","Military polearms","Medieval Overhaul","DankPyon.Medieval.Overhaul","600","0","0","","10","0","Make_DankPyon_MeleeWeapon_Billhook;Make_DankPyon_MeleeWeapon_BoarSpear;Make_DankPyon_MeleeWeapon_Pike;Make_DankPyon_MeleeWeapon_PikeAmboise;Make_DankPyon_MeleeWeapon_PikeHesse;Make_DankPyon_MeleeWeapon_PikeOswin;Make_DankPyon_MeleeWeapon_PikeRoxmont;Make_DankPyon_MeleeWeapon_PikeSoren;Make_DankPyon_MeleeWeapon_Spetum;Make_DankPyon_MeleeWeapon_Swordlance","10","DankPyon_MeleeWeapon_Billhook;DankPyon_MeleeWeapon_BoarSpear;DankPyon_MeleeWeapon_Pike;DankPyon_MeleeWeapon_PikeAmboise;DankPyon_MeleeWeapon_PikeHesse;DankPyon_MeleeWeapon_PikeOswin;DankPyon_MeleeWeapon_PikeRoxmont;DankPyon_MeleeWeapon_PikeSoren;DankPyon_MeleeWeapon_Spetum;DankPyon_MeleeWeapon_Swordlance","0","","","0","","1","DankPyon_BasicPolearms"
"ThematicMetadata","OtherRecipe;NonBuildingThing","DankPyon_NobleMaces","Noble maces","Medieval Overhaul","DankPyon.Medieval.Overhaul","1000","0","0","","2","0","Make_DankPyon_MeleeWeapon_TwoHandedFlangedMace;Make_DankPyon_MeleeWeapon_Warhammer","2","DankPyon_MeleeWeapon_TwoHandedFlangedMace;DankPyon_MeleeWeapon_Warhammer","0","","","0","","1","DankPyon_MilitaryMaces"
"ThematicMetadata","OtherRecipe;NonBuildingThing","DankPyon_NoblePolearms","Noble polearms","Medieval Overhaul","DankPyon.Medieval.Overhaul","1000","0","0","","2","0","Make_DankPyon_MeleeWeapon_FightingSpear;Make_DankPyon_MeleeWeapon_Halberd","2","DankPyon_MeleeWeapon_FightingSpear;DankPyon_MeleeWeapon_Halberd","0","","","0","","1","DankPyon_MilitaryPolearms"
"ThematicMetadata","OtherRecipe;NonBuildingThing","DankPyon_Plasteel","Mithril","Medieval Overhaul","DankPyon.Medieval.Overhaul","4000","0","0","","3","0","DankPyon_MakeIngots_Plasteel;DankPyon_MakeIngots_PlasteelBulk;DankPyon_MakeIngots_PlasteelExtraBulk","1","Plasteel","0","","","0","","2","DankPyon_Engineering;DankPyon_Steel"
"ThematicMetadata","Terrain","DankPyon_PlowedSoil","Soil plowing","Medieval Overhaul","DankPyon.Medieval.Overhaul","300","0","1","DankPyon_PlowedSoil","0","0","","0","","0","","","0","","1","VFET_Agriculture"
"ThematicMetadata","OtherRecipe;NonBuildingThing","DankPyon_ProtectiveClothing","Protective clothing","Medieval Overhaul","DankPyon.Medieval.Overhaul","1000","0","0","","9","0","Make_DankPyon_Apparel_ChaussesPadded;Make_DankPyon_Apparel_Light_Lamellar;Make_DankPyon_Apparel_Padded_Leather;Make_DankPyon_Footwear_BootsLeather;Make_DankPyon_Handwear_GlovesLeather;Make_DankPyon_Headgear_PaddedFlatTopHelmet;Make_DankPyon_Headgear_PaddedKettleHelmet;Make_DankPyon_Headgear_PaddedNasalHelmet;Make_DankPyon_Headgear_ZweihandersHat","9","DankPyon_Apparel_ChaussesPadded;DankPyon_Apparel_Light_Lamellar;DankPyon_Apparel_Padded_Leather;DankPyon_Footwear_BootsLeather;DankPyon_Handwear_GlovesLeather;DankPyon_Headgear_PaddedFlatTopHelmet;DankPyon_Headgear_PaddedKettleHelmet;DankPyon_Headgear_PaddedNasalHelmet;DankPyon_Headgear_ZweihandersHat","0","","","0","","1","LemonSkin_RusticClothing"
"ThematicMetadata","OtherRecipe;NonBuildingThing","DankPyon_Tar","Tar","Medieval Overhaul","DankPyon.Medieval.Overhaul","400","0","0","","6","0","DankPyon_MakeBullet_StoneBoulderTarred;DankPyon_MakeBullet_StoneBoulderTarredBulk;DankPyon_MakeTar;DankPyon_MakeTarBulk;DankPyon_Make_Tar;DankPyon_Make_TarBulk","2","DankPyon_StoneBoulderTarred;DankPyon_Tar","0","","","0","","1","DankPyon_Alchemy"
"ThematicMetadata","NonBuildingThing","DankPyon_TreeGriffonBerry","Griffon berry","Medieval Overhaul","DankPyon.Medieval.Overhaul","900","0","0","","0","0","","1","DankPyon_Tree_GriffonBerry","0","","","0","","1","Cocoa"
"ThematicMetadata","OtherRecipe;NonBuildingThing","DankPyon_WarBow","War bow","Medieval Overhaul","DankPyon.Medieval.Overhaul","700","0","0","","1","0","Make_Bow_War","1","Bow_War","0","","","0","","1","Greatbow"
"ThematicMetadata","OtherRecipe;NonBuildingThing","InfectionFreezingSerum","Infection freezing serum","Cybranian - Anomaly Lord of the Flies","DimonSever000.AnomalyFlylord","0","0","0","","1","0","Make_InfectionFreezingSerum","1","InfectionFreezingSerum","0","","","0","","1","MetalbloodSerum"
"ThematicMetadata","OtherRecipe;NonBuildingThing","HygieneBionics","Hygiene bionics","Dubs Bad Hygiene","Dubwise.DubsBadHygiene","2500","0","0","","2","0","Make_BionicBladder;Make_HygieneEnhancer","2","BionicBladder;HygieneEnhancer","0","","","0","","3","Fabrication;Prosthetics;WaterFiltration"
"GenericFallbackOnly","","Irrigation","Irrigation","Dubs Bad Hygiene","Dubwise.DubsBadHygiene","300","0","0","","0","0","","0","","0","","","0","","1","Plumbing"
"ThematicMetadata","OtherRecipe;NonBuildingThing","MU_AdvancedArmor","Advanced mechanoid armor","Mechanoid Upgrades","GoGaTio.MechanoidUpgrades","800","0","0","","8","0","MU_ImproveLargeArmorTierB;MU_ImproveMediumArmorTierB;MU_ImproveSmallArmorTierB;MU_ImproveUltraArmorTierB;Make_MU_MechArmor_Large_A;Make_MU_MechArmor_Medium_A;Make_MU_MechArmor_Small_A;Make_MU_MechArmor_UltraLarge_A","4","MU_MechArmor_Large_A;MU_MechArmor_Medium_A;MU_MechArmor_Small_A;MU_MechArmor_UltraLarge_A","0","","","0","","2","MU_AdvancedUpgrades;MU_StandardArmor"
"ThematicMetadata","OtherRecipe;NonBuildingThing","MU_AdvancedChips","Advanced mechanoid chips","Mechanoid Upgrades","GoGaTio.MechanoidUpgrades","850","0","0","","13","0","MU_ImproveChipTierB;Make_MU_MechChip_Aiming_A;Make_MU_MechChip_Dodge_A;Make_MU_MechChip_Energy_A;Make_MU_MechChip_GastroAnalize_A;Make_MU_MechChip_Medical_A;Make_MU_MechChip_Melee_A;Make_MU_MechChip_Production_A;Make_MU_MechChip_Range_A;Make_MU_MechChip_Ranged_A;Make_MU_MechChip_Reload_A;Make_MU_MechChip_Speed_A;Make_MU_MechChip_Work_A","12","MU_MechChip_Aiming_A;MU_MechChip_Dodge_A;MU_MechChip_Energy_A;MU_MechChip_GastroAnalize_A;MU_MechChip_Medical_A;MU_MechChip_Melee_A;MU_MechChip_Production_A;MU_MechChip_Range_A;MU_MechChip_Ranged_A;MU_MechChip_Reload_A;MU_MechChip_Speed_A;MU_MechChip_Work_A","0","","","0","","2","MU_AdvancedUpgrades;MU_StandardChips"
"ThematicMetadata","OtherRecipe;NonBuildingThing","MU_AdvancedModules","Advanced mechanoid modules","Mechanoid Upgrades","GoGaTio.MechanoidUpgrades","900","0","0","","5","0","MU_ImproveModuleTierB;Make_MU_Module_Melee_A;Make_MU_Module_Ranged_A;Make_MU_Module_Repair_A;Make_MU_Module_Shield_A","4","MU_Module_Melee_A;MU_Module_Ranged_A;MU_Module_Repair_A;MU_Module_Shield_A","0","","","0","","2","MU_AdvancedUpgrades;MU_StandardModules"
"ThematicMetadata","OtherRecipe;NonBuildingThing","MU_AdvancedShields","Advanced mechanoid shields","Mechanoid Upgrades","GoGaTio.MechanoidUpgrades","1250","0","0","","6","0","MU_ImproveLargeShieldTierB;MU_ImproveMediumShieldTierB;MU_ImproveSmallShieldTierB;Make_MU_Shield_Large_A;Make_MU_Shield_Medium_A;Make_MU_Shield_Small_A","3","MU_Shield_Large_A;MU_Shield_Medium_A;MU_Shield_Small_A","0","","","0","","2","MU_AdvancedUpgrades;MU_StandardShields"
"ThematicMetadata","OtherRecipe;NonBuildingThing","MU_AdvancedUpgrades","Advanced upgrades","Mechanoid Upgrades","GoGaTio.MechanoidUpgrades","1650","0","0","","3","0","Make_MU_FrequencyAmplifier;Make_MU_LegActuators;Make_MU_UrchinSpawner","3","MU_FrequencyAmplifier;MU_LegActuators;MU_UrchinSpawner","0","","","0","","2","MU_StandardUpgrades;UltraMechtech"
"ThematicMetadata","OtherRecipe;NonBuildingThing","MU_BasicArmor","Basic mechanoid armor","Mechanoid Upgrades","GoGaTio.MechanoidUpgrades","200","0","0","","4","0","Make_MU_MechArmor_Large_C;Make_MU_MechArmor_Medium_C;Make_MU_MechArmor_Small_C;Make_MU_MechArmor_UltraLarge_C","4","MU_MechArmor_Large_C;MU_MechArmor_Medium_C;MU_MechArmor_Small_C;MU_MechArmor_UltraLarge_C","0","","","0","","1","MU_BasicUpgrades"
"ThematicMetadata","OtherRecipe;NonBuildingThing","MU_BasicChips","Basic mechanoid chips","Mechanoid Upgrades","GoGaTio.MechanoidUpgrades","250","0","0","","9","0","Make_MU_MechChip_Aiming_C;Make_MU_MechChip_Dodge_C;Make_MU_MechChip_Energy_C;Make_MU_MechChip_Melee_C;Make_MU_MechChip_Range_C;Make_MU_MechChip_Ranged_C;Make_MU_MechChip_Reload_C;Make_MU_MechChip_Speed_C;Make_MU_MechChip_Work_C","9","MU_MechChip_Aiming_C;MU_MechChip_Dodge_C;MU_MechChip_Energy_C;MU_MechChip_Melee_C;MU_MechChip_Range_C;MU_MechChip_Ranged_C;MU_MechChip_Reload_C;MU_MechChip_Speed_C;MU_MechChip_Work_C","0","","","0","","1","MU_BasicUpgrades"
"ThematicMetadata","OtherRecipe;NonBuildingThing","MU_BasicModules","Basic mechanoid modules","Mechanoid Upgrades","GoGaTio.MechanoidUpgrades","300","0","0","","5","0","Make_MU_InvisibilityModule;Make_MU_Module_Melee_C;Make_MU_Module_Ranged_C;Make_MU_Module_Repair_C;Make_MU_Module_Shield_C","5","MU_InvisibilityModule;MU_Module_Melee_C;MU_Module_Ranged_C;MU_Module_Repair_C;MU_Module_Shield_C","0","","","0","","1","MU_BasicUpgrades"
"ThematicMetadata","OtherRecipe;NonBuildingThing","MU_BasicShields","Basic mechanoid shields","Mechanoid Upgrades","GoGaTio.MechanoidUpgrades","600","0","0","","3","0","Make_MU_Shield_Large_C;Make_MU_Shield_Medium_C;Make_MU_Shield_Small_C","3","MU_Shield_Large_C;MU_Shield_Medium_C;MU_Shield_Small_C","0","","","0","","2","MU_BasicUpgrades;ShieldBelt"
"ThematicMetadata","OtherRecipe;NonBuildingThing","MU_Burners","Built-in burners","Mechanoid Upgrades","GoGaTio.MechanoidUpgrades","700","0","0","","6","0","Make_MU_BioferriteBurner;Make_MU_BioferriteFlamethrower;Make_MU_BioferriteMiniBurner;Make_MU_ChemfuelBurner;Make_MU_ChemfuelFlamethrower;Make_MU_ChemfuelMiniBurner","6","MU_BioferriteBurner;MU_BioferriteFlamethrower;MU_BioferriteMiniBurner;MU_ChemfuelBurner;MU_ChemfuelFlamethrower;MU_ChemfuelMiniBurner","0","","","0","","1","MU_BasicUpgrades"
"ThematicMetadata","OtherRecipe;NonBuildingThing","MU_CommandExtenders","Command repeaters","Mechanoid Upgrades","GoGaTio.MechanoidUpgrades","2000","0","0","","1","0","Make_MU_CommandPack","1","MU_CommandPack","0","","","0","","1","MU_StandardUpgrades"
"ThematicMetadata","OtherRecipe;NonBuildingThing","MU_Grenades","Mechanoid grenades","Mechanoid Upgrades","GoGaTio.MechanoidUpgrades","300","0","0","","3","0","Make_MU_EMPGrenades;Make_MU_FragGrenades;Make_MU_IncendiaryGrenades","3","MU_EMPGrenades;MU_FragGrenades;MU_IncendiaryGrenades","0","","","0","","1","MU_BasicUpgrades"
"ThematicMetadata","OtherRecipe;NonBuildingThing","MU_JumpLauncher","Mechanoid jump launcher","Mechanoid Upgrades","GoGaTio.MechanoidUpgrades","700","0","0","","1","0","Make_MU_JumpLauncher","1","MU_JumpLauncher","0","","","0","","1","MU_StandardUpgrades"
"ThematicMetadata","OtherRecipe;NonBuildingThing","MU_ShieldBooster","Shield booster","Mechanoid Upgrades","GoGaTio.MechanoidUpgrades","1000","0","0","","1","0","Make_MU_ShieldBooster","1","MU_ShieldBooster","0","","","0","","1","MU_AdvancedUpgrades"
"ThematicMetadata","OtherRecipe;NonBuildingThing","MU_StandardArmor","Standard mechanoid armor","Mechanoid Upgrades","GoGaTio.MechanoidUpgrades","550","0","0","","8","0","MU_ImproveLargeArmorTierC;MU_ImproveMediumArmorTierC;MU_ImproveSmallArmorTierC;MU_ImproveUltraLargeArmorTierC;Make_MU_MechArmor_Large_B;Make_MU_MechArmor_Medium_B;Make_MU_MechArmor_Small_B;Make_MU_MechArmor_UltraLarge_B","4","MU_MechArmor_Large_B;MU_MechArmor_Medium_B;MU_MechArmor_Small_B;MU_MechArmor_UltraLarge_B","0","","","0","","2","MU_BasicArmor;MU_StandardUpgrades"
"ThematicMetadata","OtherRecipe;NonBuildingThing","MU_StandardChips","Standard mechanoid chips","Mechanoid Upgrades","GoGaTio.MechanoidUpgrades","600","0","0","","13","0","MU_ImproveChipTierC;Make_MU_MechChip_Aiming_B;Make_MU_MechChip_Dodge_B;Make_MU_MechChip_Energy_B;Make_MU_MechChip_GastroAnalize_B;Make_MU_MechChip_Medical_B;Make_MU_MechChip_Melee_B;Make_MU_MechChip_Production_B;Make_MU_MechChip_Range_B;Make_MU_MechChip_Ranged_B;Make_MU_MechChip_Reload_B;Make_MU_MechChip_Speed_B;Make_MU_MechChip_Work_B","12","MU_MechChip_Aiming_B;MU_MechChip_Dodge_B;MU_MechChip_Energy_B;MU_MechChip_GastroAnalize_B;MU_MechChip_Medical_B;MU_MechChip_Melee_B;MU_MechChip_Production_B;MU_MechChip_Range_B;MU_MechChip_Ranged_B;MU_MechChip_Reload_B;MU_MechChip_Speed_B;MU_MechChip_Work_B","0","","","0","","2","MU_BasicChips;MU_StandardUpgrades"
"ThematicMetadata","OtherRecipe;NonBuildingThing","MU_StandardModules","Standard mechanoid modules","Mechanoid Upgrades","GoGaTio.MechanoidUpgrades","650","0","0","","5","0","MU_ImproveModuleTierC;Make_MU_Module_Melee_B;Make_MU_Module_Ranged_B;Make_MU_Module_Repair_B;Make_MU_Module_Shield_B","4","MU_Module_Melee_B;MU_Module_Ranged_B;MU_Module_Repair_B;MU_Module_Shield_B","0","","","0","","2","MU_BasicModules;MU_StandardUpgrades"
"ThematicMetadata","OtherRecipe;NonBuildingThing","MU_StandardShields","Standard mechanoid shields","Mechanoid Upgrades","GoGaTio.MechanoidUpgrades","950","0","0","","6","0","MU_ImproveLargeShieldTierC;MU_ImproveMediumShieldTierC;MU_ImproveSmallShieldTierC;Make_MU_Shield_Large_B;Make_MU_Shield_Medium_B;Make_MU_Shield_Small_B","3","MU_Shield_Large_B;MU_Shield_Medium_B;MU_Shield_Small_B","0","","","0","","2","MU_BasicShields;MU_StandardUpgrades"
"ThematicMetadata","OtherRecipe;NonBuildingThing","MU_SystemMerger","System merger","Mechanoid Upgrades","GoGaTio.MechanoidUpgrades","700","0","0","","1","0","Make_MU_SystemMerger","1","MU_SystemMerger","0","","","0","","1","MU_StandardUpgrades"
"ThematicMetadata","OtherRecipe;NonBuildingThing","MU_AcidSynthesis","Acid synthesizers","Mechanoid Upgrades - Anomaly","GoGaTio.MechanoidUpgrades.Anomaly","1000","0","0","","2","0","Make_MU_AcidSpitter;Make_MU_AcidSynthesizer","2","MU_AcidSpitter;MU_AcidSynthesizer","0","","","0","","1","MU_StandardUpgrades"
"ThematicMetadata","OtherRecipe;NonBuildingThing","AdvancedOrbitalEquipment","Advance orbital equipment","Arsenal - Orbital Security","ICC.AOV.OSEC","2000","0","0","","4","0","Make_Apparel_AstroMask;Make_Apparel_AstroSuit;Make_Apparel_EVAsuit;Make_Apparel_SealedUndersuit","4","Apparel_AstroMask;Apparel_AstroSuit;Apparel_EVAsuit;Apparel_SealedUndersuit","0","","","0","","2","Fabrication;OrbitalTech"
"ThematicMetadata","OtherRecipe;NonBuildingThing","FusionWeapons","Fusion weapons","Arsenal - Orbital Security","ICC.AOV.OSEC","4000","0","0","","3","0","Make_Gun_FusionCaster;Make_Gun_FusionPistol;Make_Gun_FusionRepeater","3","Gun_FusionCaster;Gun_FusionPistol;Gun_FusionRepeater","0","","","0","","2","AdvancedFabrication;ChargedShot"
"ThematicMetadata","OtherRecipe;NonBuildingThing","OrbitalArmor","Orbital armor","Arsenal - Orbital Security","ICC.AOV.OSEC","4000","0","0","","2","0","Make_Apparel_OrbitalArmor;Make_Apparel_OrbitalHelmet","2","Apparel_OrbitalArmor;Apparel_OrbitalHelmet","0","","","0","","2","AdvancedOrbitalEquipment;ReconArmor"
"ThematicMetadata","OtherRecipe;NonBuildingThing","SecurityArmor","Security armor","Arsenal - Orbital Security","ICC.AOV.OSEC","4000","0","0","","2","0","Make_Apparel_SecurityArmor;Make_Apparel_SecurityHelmet","2","Apparel_SecurityArmor;Apparel_SecurityHelmet","0","","","0","","3","AdvancedOrbitalEquipment;ReconArmor;ShieldBelt"
"ThematicMetadata","OtherRecipe;NonBuildingThing","BasicMedicineProduction","Basic medicine production","Basic Medicine","ILuvSilicon.BasicMedicine2","700","0","0","","2","0","Make_MedicineBasic;Make_MedicineBasicBulk","1","MedicineBasic","0","","","0","","2","DrugProduction;Electricity"
"ThematicMetadata","OtherRecipe;NonBuildingThing","BlowbackOperation","Blowback operation","Core","Ludeon.RimWorld","500","0","0","","24","0","Make_BM_SpacerAutopistolCombatModule;Make_BRIT_CW_SMG;Make_BRIT_HIPWR;Make_BRIT_IW_SMG;Make_BRIT_WALTHER;Make_BRIT_WW2_LMG;Make_BRIT_WW2_R;Make_BRIT_WW2_SMG;Make_BRIT_WW2_SMGS;Make_BRIT_WW2_SR;Make_DV_Gun_BurstPistol;Make_DV_Gun_VoltTrenchgun;Make_Gun_Autopistol;Make_Gun_MachinePistol;Make_LTS_ModuleArm_SMG;Make_ORBE_Beretta_M9_Suppressed;Make_ORBE_Beretta_M9norm;Make_ORBE_FN_Five-seveN;Make_ORBE_FN_Five-seveN_Tactical;Make_ORBE_M1911_Suppressed;Make_ORBE_M1911norm;Make_VWE_CombatHandgun;Make_VWE_Gun_LightSMG;Make_VWE_Gun_SemiAutomaticRifle","24","BM_SpacerAutopistolCombatModule;BRIT_CW_SMG;BRIT_HIPWR;BRIT_IW_SMG;BRIT_WALTHER;BRIT_WW2_LMG;BRIT_WW2_R;BRIT_WW2_SMG;BRIT_WW2_SMGS;BRIT_WW2_SR;DV_Gun_BurstPistol;DV_Gun_VoltTrenchgun;Gun_Autopistol;Gun_MachinePistol;LTS_ModuleArm_SMG;ORBE_Beretta_M9_Suppressed;ORBE_Beretta_M9norm;ORBE_FN_Five-seveN;ORBE_FN_Five-seveN_Tactical;ORBE_M1911_Suppressed;ORBE_M1911norm;VWE_CombatHandgun;VWE_Gun_LightSMG;VWE_Gun_SemiAutomaticRifle","0","","","0","","1","Gunsmithing"
"ThematicMetadata","NonBuildingThing","Cocoa","Fruit tree sowing","Core","Ludeon.RimWorld","600","0","0","","0","0","","4","DankPyon_Tree_Apple;DankPyon_Tree_Lemon;DankPyon_Tree_Mulberry;Plant_TreeCocoa","0","","","0","","1","TreeSowing"
"ThematicMetadata","OtherRecipe;NonBuildingThing","FlakArmor","Flak armor","Core","Ludeon.RimWorld","1200","0","0","","27","0","Make_ABT_Apparel_IND_CataphractArmor;Make_ABT_Apparel_IND_CataphractHelmet;Make_ABT_Apparel_IND_MarineArmor;Make_ABT_Apparel_IND_MarineHelmet;Make_ABT_Apparel_IND_ReconArmor;Make_ABT_Apparel_IND_ReconHelmet;Make_AG_ForsakenCloak;Make_AG_ForsakenCloak_Child;Make_AG_Forsaken_Hood;Make_AG_Forsaken_Hood_Child;Make_Apparel_AdvancedHelmet;Make_Apparel_AdvancedKidHelmet;Make_Apparel_FlakJacket;Make_Apparel_FlakPants;Make_Apparel_FlakVest;Make_Apparel_KidFlakJacket;Make_Apparel_KidFlakPants;Make_Apparel_KidFlakVest;Make_CAT_Footwear_FlakBoots;Make_CAT_Footwear_RiotBoots;Make_CAT_Handwear_FlakGloves;Make_CAT_Handwear_RiotGloves;Make_DV_Apparel_OutlawHelmet;Make_Gunmar_Apparel_BpWaistcoat;Make_VAE_Apparel_RiotArmor;Make_VAE_Apparel_RiotHelmet;Make_VAE_Apparel_Shield_Riot","27","ABT_Apparel_IND_CataphractArmor;ABT_Apparel_IND_CataphractHelmet;ABT_Apparel_IND_MarineArmor;ABT_Apparel_IND_MarineHelmet;ABT_Apparel_IND_ReconArmor;ABT_Apparel_IND_ReconHelmet;AG_ForsakenCloak;AG_ForsakenCloak_Child;AG_Forsaken_Hood;AG_Forsaken_Hood_Child;Apparel_AdvancedHelmet;Apparel_AdvancedKidHelmet;Apparel_FlakJacket;Apparel_FlakPants;Apparel_FlakVest;Apparel_KidFlakJacket;Apparel_KidFlakPants;Apparel_KidFlakVest;CAT_Footwear_FlakBoots;CAT_Footwear_RiotBoots;CAT_Handwear_FlakGloves;CAT_Handwear_RiotGloves;DV_Apparel_OutlawHelmet;Gunmar_Apparel_BpWaistcoat;VAE_Apparel_RiotArmor;VAE_Apparel_RiotHelmet;VAE_Apparel_Shield_Riot","0","","","0","","1","Machining"
"ThematicMetadata","OtherRecipe;NonBuildingThing","GoJuiceProduction","Go-juice","Core","Ludeon.RimWorld","1000","0","0","","3","0","Make_BM_SpacerGoJuiceSynthesizerUtilityModule;Make_GoJuice;Make_GoJuiceBulk","2","BM_SpacerGoJuiceSynthesizerUtilityModule;GoJuice","0","","","0","","1","DrugProduction"
"ThematicMetadata","OtherRecipe;NonBuildingThing","LongBlades","Long blades","Core","Ludeon.RimWorld","1000","0","0","","22","0","Make_AG_ForsakenBattleAxe;Make_AG_ForsakenBulkSword;Make_AG_ForsakenLongBlade;Make_DV_MeleeWeapon_CeremonialBlade;Make_DV_MeleeWeapon_PyrinthBlade;Make_DV_MeleeWeapon_SerratedScimitar;Make_DankPyon_MeleeWeapon_FencingSword;Make_DankPyon_MeleeWeapon_FightingAxe;Make_DankPyon_MeleeWeapon_Greataxe;Make_DankPyon_MeleeWeapon_Greatsword;Make_DankPyon_MeleeWeapon_NobleSword;Make_DankPyon_MeleeWeapon_RoxWaraxe;Make_HBX_Rapier;Make_MeleeWeapon_ElvenScimitar;Make_MeleeWeapon_LongSword;Make_MeleeWeapon_Spear;Make_VFEM2_MeleeWeapon_Claymore;Make_VFEM2_MeleeWeapon_DaneAxe;Make_VFEM2_MeleeWeapon_Halberd;Make_VFEM2_MeleeWeapon_Pike;Make_VWE_MeleeWeapon_BattleAxe;Make_VWE_MeleeWeapon_Halberd","22","AG_ForsakenBattleAxe;AG_ForsakenBulkSword;AG_ForsakenLongBlade;DV_MeleeWeapon_CeremonialBlade;DV_MeleeWeapon_PyrinthBlade;DV_MeleeWeapon_SerratedScimitar;DankPyon_MeleeWeapon_FencingSword;DankPyon_MeleeWeapon_FightingAxe;DankPyon_MeleeWeapon_Greataxe;DankPyon_MeleeWeapon_Greatsword;DankPyon_MeleeWeapon_NobleSword;DankPyon_MeleeWeapon_RoxWaraxe;HBX_Rapier;MeleeWeapon_ElvenScimitar;MeleeWeapon_LongSword;MeleeWeapon_Spear;VFEM2_MeleeWeapon_Claymore;VFEM2_MeleeWeapon_DaneAxe;VFEM2_MeleeWeapon_Halberd;VFEM2_MeleeWeapon_Pike;VWE_MeleeWeapon_BattleAxe;VWE_MeleeWeapon_Halberd","0","","","0","","1","DankPyon_MilitaryBlades"
"ThematicMetadata","OtherRecipe;NonBuildingThing","MedicineProduction","Medicine production","Core","Ludeon.RimWorld","1000","0","0","","22","0","Make_AM_AI2A;Make_AM_AI2ABulk;Make_AM_AnalgesicRegenerationInjector;Make_AM_AnalgesicRegenerationInjectorBulk;Make_AM_CellRegenerationInjector;Make_AM_CellRegenerationInjectorBulk;Make_AM_FirstAidKit;Make_AM_FirstAidKitBulk;Make_AM_Grizzly;Make_AM_GrizzlyBulk;Make_AM_HemostaticAgent;Make_AM_HemostaticAgentBulk;Make_AM_MetalbloodInjector;Make_AM_MetalbloodInjectorBulk;Make_AM_Salewa;Make_AM_SalewaBulk;Make_IndustrialMedicine_From_BasicMedicine;Make_MU_MedicineKit;Make_MedicineIndustrial;Make_MedicineIndustrialBulk;Romy_Make_MedicineBonecones;Romy_Make_MedicineBoneconesBulk","10","AM_AI2A;AM_AnalgesicRegenerationInjector;AM_CellRegenerationInjector;AM_FirstAidKit;AM_Grizzly;AM_HemostaticAgent;AM_MetalbloodInjector;AM_Salewa;MU_MedicineKit;MedicineIndustrial","0","","","0","","3","BasicMedicineProduction;DrugProduction;MicroelectronicsBasics"
"ThematicMetadata","OtherRecipe;NonBuildingThing","PackagedSurvivalMeal","Packaged survival meal","Core","Ludeon.RimWorld","500","0","0","","2","0","CookMealSurvival;CookMealSurvivalBulk","1","MealSurvivalPack","0","","","0","","1","NutrientPaste"
"ThematicMetadata","OtherRecipe;NonBuildingThing","Pemmican","Pemmican","Core","Ludeon.RimWorld","500","0","0","","2","0","Make_Pemmican;Make_PemmicanBulk","1","Pemmican","0","","","0","","1","VFET_Agriculture"
"ThematicMetadata","OtherRecipe;NonBuildingThing","PenoxycylineProduction","Penoxycyline","Core","Ludeon.RimWorld","500","0","0","","4","0","Make_Penoxycyline;Make_PenoxycylineBulk;Romy_Make_PenoxycylineRotfilm;Romy_Make_PenoxycylineRotfilmBulk","1","Penoxycyline","0","","","0","","1","DrugProduction"
"ThematicMetadata","OtherRecipe;NonBuildingThing","PlateArmor","Plate armor","Core","Ludeon.RimWorld","2000","0","0","","41","0","Make_Apparel_KidPlateArmor;Make_Apparel_PlateArmor;Make_DankPyon_Adorned_GreatHelm;Make_DankPyon_Apparel_AdornedHeavyPlate;Make_DankPyon_Apparel_Breast_Plate;Make_DankPyon_Apparel_Brigandine;Make_DankPyon_Apparel_ChaussesPlate;Make_DankPyon_Apparel_FullPlate;Make_DankPyon_Apparel_FullPlateGilded;Make_DankPyon_Apparel_FullPlate_Roxmont;Make_DankPyon_Apparel_Lindwurm;Make_DankPyon_Apparel_Zweihanders_Cuirass;Make_DankPyon_Apparel_Zweihanders_CuirassFloof;Make_DankPyon_Apparel_Zweihanders_Cuirass_Roxmont;Make_DankPyon_Footwear_BootsPlate;Make_DankPyon_Handwear_GlovesPlate;Make_DankPyon_Headgear_Armet;Make_DankPyon_Headgear_ArmetGilded;Make_DankPyon_Headgear_Bascinet_KlappvisierHelmetClosed;Make_DankPyon_Headgear_ClosedBascinetHelmet;Make_DankPyon_Headgear_GreatHelm;Make_DankPyon_Headgear_HeavyBarbrute;Make_DankPyon_Headgear_HeraldicGreatHelmRoxmont;Make_DankPyon_Headgear_HounskullHelmet;Make_DankPyon_Headgear_KlappvisorBascinet;Make_DankPyon_Headgear_Lindwurm;Make_DankPyon_Headgear_OpenBascinet;Make_DankPyon_Headgear_SalletBellowFace;Make_DankPyon_Headgear_SalletGryphon;Make_DankPyon_Headgear_SalletHelmet;Make_DankPyon_Headgear_WolfBascinet;Make_DankPyon_ShieldKite;Make_RBME_HellenicHelmet;Make_RBME_RoyalHellenicHelmet;Make_VAE_Apparel_Chainmail;Make_VAE_Apparel_LightPlateArmor;Make_VAE_Apparel_PlateHelmet;Make_VAE_Apparel_PlateShoulderpads;Make_VFEM2_Apparel_PlateArmorHeavy;Make_VFEM2_Apparel_PlateHelmetHeavy;Make_VPE_Apparel_PlateArmorPrestige","41","Apparel_KidPlateArmor;Apparel_PlateArmor;DankPyon_Adorned_GreatHelm;DankPyon_Apparel_AdornedHeavyPlate;DankPyon_Apparel_Breast_Plate;DankPyon_Apparel_Brigandine;DankPyon_Apparel_ChaussesPlate;DankPyon_Apparel_FullPlate;DankPyon_Apparel_FullPlateGilded;DankPyon_Apparel_FullPlate_Roxmont;DankPyon_Apparel_Lindwurm;DankPyon_Apparel_Zweihanders_Cuirass;DankPyon_Apparel_Zweihanders_CuirassFloof;DankPyon_Apparel_Zweihanders_Cuirass_Roxmont;DankPyon_Footwear_BootsPlate;DankPyon_Handwear_GlovesPlate;DankPyon_Headgear_Armet;DankPyon_Headgear_ArmetGilded;DankPyon_Headgear_Bascinet_KlappvisierHelmetClosed;DankPyon_Headgear_ClosedBascinetHelmet;DankPyon_Headgear_GreatHelm;DankPyon_Headgear_HeavyBarbrute;DankPyon_Headgear_HeraldicGreatHelmRoxmont;DankPyon_Headgear_HounskullHelmet;DankPyon_Headgear_KlappvisorBascinet;DankPyon_Headgear_Lindwurm;DankPyon_Headgear_OpenBascinet;DankPyon_Headgear_SalletBellowFace;DankPyon_Headgear_SalletGryphon;DankPyon_Headgear_SalletHelmet;DankPyon_Headgear_WolfBascinet;DankPyon_ShieldKite;RBME_HellenicHelmet;RBME_RoyalHellenicHelmet;VAE_Apparel_Chainmail;VAE_Apparel_LightPlateArmor;VAE_Apparel_PlateHelmet;VAE_Apparel_PlateShoulderpads;VFEM2_Apparel_PlateArmorHeavy;VFEM2_Apparel_PlateHelmetHeavy;VPE_Apparel_PlateArmorPrestige","0","","","0","","1","DankPyon_ChainArmor"
"ThematicMetadata","OtherRecipe;NonBuildingThing","PoweredArmor","Marine armor","Core","Ludeon.RimWorld","6000","0","0","","15","0","Make_AG_ForsakenMarineArmor;Make_AG_ForsakenMarineHelmet;Make_AG_ForsakenMarineHelmetPsy;Make_Apparel_ArmorGrenadierPrestige;Make_Apparel_ArmorMarineGrenadier;Make_Apparel_ArmorMarineHelmetPrestige;Make_Apparel_ArmorMarinePrestige;Make_Apparel_KidGrenadierArmor;Make_Apparel_KidPowerArmor;Make_Apparel_KidPrestigeMarineArmor;Make_Apparel_PowerArmor;Make_Apparel_PowerArmorHelmet;Make_VAE_Footwear_MarineBoots;Make_VAE_Handwear_MarineGloves;Make_VFEP_Apparel_Privateer","15","AG_ForsakenMarineArmor;AG_ForsakenMarineHelmet;AG_ForsakenMarineHelmetPsy;Apparel_ArmorGrenadierPrestige;Apparel_ArmorMarineGrenadier;Apparel_ArmorMarineHelmetPrestige;Apparel_ArmorMarinePrestige;Apparel_KidGrenadierArmor;Apparel_KidPowerArmor;Apparel_KidPrestigeMarineArmor;Apparel_PowerArmor;Apparel_PowerArmorHelmet;VAE_Footwear_MarineBoots;VAE_Handwear_MarineGloves;VFEP_Apparel_Privateer","0","","","0","","1","ReconArmor"
"ThematicMetadata","OtherRecipe;NonBuildingThing","PrecisionRifling","Precision rifling","Core","Ludeon.RimWorld","1400","0","0","","96","0","AM_DecomposingWeaponsI;Make_AG_ForsakenAssaultRifle;Make_AG_ForsakenSniper;Make_AM_AK101A;Make_AM_AK68A;Make_AM_ASVAL;Make_AM_DTMDR;Make_AM_M42U;Make_AM_M4A;Make_AM_M4ASOP;Make_AM_M4C;Make_AM_M5A3LT;Make_AM_M700A;Make_AM_MCX;Make_AM_MCXC;Make_AM_MK17A;Make_AM_MK18M;Make_AM_MK68A;Make_AM_PKM;Make_AM_PKP;Make_AM_R11A;Make_AM_RM68A;Make_AM_SR25A;Make_AM_Spear68A;Make_AM_Spear68C;Make_AM_TKB68A;Make_BM_SpacerAssaultRifleCombatModule;Make_BM_SpacerSniperRifleCombatModule;Make_BRIT_E_SLR;Make_BRIT_L85_3A;Make_BRIT_L85_CRB;Make_BRIT_L85_LMG;Make_BRIT_L85_R;Make_BRIT_MM_LMG;Make_BRIT_SAS_R;Make_BRIT_SLR;Make_BRIT_SR;Make_DV_Gun_DMR;Make_DV_Gun_PrecisionLongrifle;Make_DV_Gun_ThermoRifle;Make_DV_Gun_VoltCarbine;Make_DV_Gun_VoltDMR;Make_DV_Gun_VoltSniper;Make_EURO_AK5C;Make_EURO_ARX160_R;Make_EURO_BERYL_R;Make_EURO_Bor_762SR;Make_EURO_CZ_BREN;Make_EURO_G36_C;Make_EURO_G36_R;Make_EURO_MSBS_G;Make_EURO_VHS2_R;Make_Gun_AssaultRifle;Make_Gun_DualLauncher;Make_Gun_MagnumPistol;Make_Gun_MultiAssaultRifle;Make_Gun_SniperRifle;Make_ORBE_HK416_Tactical;Make_ORBE_HK416norm;Make_ORBE_HKM4norm;Make_ORBE_KRISS_Vector;Make_ORBE_KRISS_Vector_Suppressed;Make_ORBE_M4A1_Carbine;Make_ORBE_M4A1_SOPMOD_II;Make_ORBE_M4A1_Tactical;Make_ORBE_M4A1_USASOC-I;Make_ORBE_M700_ARCH;Make_ORBE_M700_TAN;Make_ORBE_M700norm;Make_ORBE_MCX;Make_ORBE_MCX_Tactical;Make_ORBE_MDR_Suppressed;Make_ORBE_MDR_Tactical;Make_ORBE_MP5K;Make_ORBE_MP5SD;Make_ORBE_MP5_Tactical;Make_ORBE_MP5norm;Make_ORBE_MP7_Suppressed;Make_ORBE_MP7_Tactical;Make_ORBE_MP7norm;Make_ORBE_Mk47_Suppressed;Make_ORBE_Mk47norm;Make_ORBE_P90_Suppressed;Make_ORBE_P90norm;Make_ORBE_SA58_Suppressed;Make_ORBE_SA58norm;Make_ORBE_SCAR-H;Make_ORBE_SCAR-H_suppressed;Make_ORBE_SR-25_Suppressed;Make_ORBE_SR-25norm;Make_ORBE_UMP45_Suppressed;Make_ORBE_UMP45norm;Make_VWE_Gun_BattleRifle;Make_VWE_Gun_Carbine;Make_VWE_Gun_MarksmanRifle;Make_VWE_Gun_ServiceRifle","96","AG_ForsakenAssaultRifle;AG_ForsakenSniper;AM_AK101A;AM_AK68A;AM_ASVAL;AM_ComponentWeapon;AM_DTMDR;AM_M42U;AM_M4A;AM_M4ASOP;AM_M4C;AM_M5A3LT;AM_M700A;AM_MCX;AM_MCXC;AM_MK17A;AM_MK18M;AM_MK68A;AM_PKM;AM_PKP;AM_R11A;AM_RM68A;AM_SR25A;AM_Spear68A;AM_Spear68C;AM_TKB68A;BM_SpacerAssaultRifleCombatModule;BM_SpacerSniperRifleCombatModule;BRIT_E_SLR;BRIT_L85_3A;BRIT_L85_CRB;BRIT_L85_LMG;BRIT_L85_R;BRIT_MM_LMG;BRIT_SAS_R;BRIT_SLR;BRIT_SR;DV_Gun_DMR;DV_Gun_PrecisionLongrifle;DV_Gun_ThermoRifle;DV_Gun_VoltCarbine;DV_Gun_VoltDMR;DV_Gun_VoltSniper;EURO_AK5C;EURO_ARX160_R;EURO_BERYL_R;EURO_Bor_762SR;EURO_CZ_BREN;EURO_G36_C;EURO_G36_R;EURO_MSBS_G;EURO_VHS2_R;Gun_AssaultRifle;Gun_DualLauncher;Gun_MagnumPistol;Gun_MultiAssaultRifle;Gun_SniperRifle;ORBE_HK416_Tactical;ORBE_HK416norm;ORBE_HKM4norm;ORBE_KRISS_Vector;ORBE_KRISS_Vector_Suppressed;ORBE_M4A1_Carbine;ORBE_M4A1_SOPMOD_II;ORBE_M4A1_Tactical;ORBE_M4A1_USASOC-I;ORBE_M700_ARCH;ORBE_M700_TAN;ORBE_M700norm;ORBE_MCX;ORBE_MCX_Tactical;ORBE_MDR_Suppressed;ORBE_MDR_Tactical;ORBE_MP5K;ORBE_MP5SD;ORBE_MP5_Tactical;ORBE_MP5norm;ORBE_MP7_Suppressed;ORBE_MP7_Tactical;ORBE_MP7norm;ORBE_Mk47_Suppressed;ORBE_Mk47norm;ORBE_P90_Suppressed;ORBE_P90norm;ORBE_SA58_Suppressed;ORBE_SA58norm;ORBE_SCAR-H;ORBE_SCAR-H_suppressed;ORBE_SR-25_Suppressed;ORBE_SR-25norm;ORBE_UMP45_Suppressed;ORBE_UMP45norm;VWE_Gun_BattleRifle;VWE_Gun_Carbine;VWE_Gun_MarksmanRifle;VWE_Gun_ServiceRifle","0","","","0","","2","GasOperation;MicroelectronicsBasics"
"ThematicMetadata","OtherRecipe;NonBuildingThing","PsychiteRefining","Yayo","Core","Ludeon.RimWorld","300","0","0","","3","0","Make_BM_SpacerPsychiteSynthesizerUtilityModule;Make_Yayo;Make_YayoBulk","2","BM_SpacerPsychiteSynthesizerUtilityModule;Yayo","0","","","0","","1","DrugProduction"
"ThematicMetadata","OtherRecipe;NonBuildingThing","PsychoidBrewing","Psychite tea","Core","Ludeon.RimWorld","500","0","0","","3","0","Make_BM_SpacerPsychiteSynthesizerUtilityModule;Make_PsychiteTea;Make_PsychiteTeaBulk","2","BM_SpacerPsychiteSynthesizerUtilityModule;PsychiteTea","0","","","0","","1","VFET_Agriculture"
"ThematicMetadata","OtherRecipe;NonBuildingThing","ReconArmor","Recon armor","Core","Ludeon.RimWorld","6000","0","0","","18","0","Make_Apparel_ArmorHelmetRecon;Make_Apparel_ArmorHelmetReconPrestige;Make_Apparel_ArmorHelmetSkiritai;Make_Apparel_ArmorLocust;Make_Apparel_ArmorLocustPrestige;Make_Apparel_ArmorRecon;Make_Apparel_ArmorReconPrestige;Make_Apparel_ArmorSkiritai;Make_Apparel_KidArmorRecon;Make_Apparel_KidArmorReconPrestige;Make_Apparel_KidLocustArmor;Make_CAT_Footwear_ReconBoots;Make_CAT_Handwear_ReconGloves;Make_DV_Apparel_HunterVisage;Make_DV_Apparel_RangerHelmet;Make_DV_Apparel_SuppressorMask;Make_TWRL_Apparel_RainbowCatcherArmor;Make_TWRL_Apparel_RainbowCatcherHelmet","18","Apparel_ArmorHelmetRecon;Apparel_ArmorHelmetReconPrestige;Apparel_ArmorHelmetSkiritai;Apparel_ArmorLocust;Apparel_ArmorLocustPrestige;Apparel_ArmorRecon;Apparel_ArmorReconPrestige;Apparel_ArmorSkiritai;Apparel_KidArmorRecon;Apparel_KidArmorReconPrestige;Apparel_KidLocustArmor;CAT_Footwear_ReconBoots;CAT_Handwear_ReconGloves;DV_Apparel_HunterVisage;DV_Apparel_RangerHelmet;DV_Apparel_SuppressorMask;TWRL_Apparel_RainbowCatcherArmor;TWRL_Apparel_RainbowCatcherHelmet","0","","","0","","1","Fabrication"
"ThematicMetadata","OtherRecipe;NonBuildingThing","RecurveBow","Archery","Core","Ludeon.RimWorld","400","0","0","","2","0","Make_Bow_Recurve;Make_Flamebow","2","Bow_Recurve;Flamebow","0","","","0","","1","VFET_Bow"
"ThematicMetadata","OtherRecipe;NonBuildingThing","ShieldBelt","Shields","Core","Ludeon.RimWorld","1000","0","0","","10","0","Make_AM_MechBreakerArmor;Make_AM_PrestigeMechBreakerArmor;Make_Apparel_PackBroadshield;Make_Apparel_ShieldBelt;Make_BM_SpacerCryoprojectorAbilityModule;Make_BM_SpacerMagprojectorAbilityModule;Make_BM_SpacerMedprojectorAbilityModule;Make_BM_SpacerPyroprojectorAbilityModule;Make_BM_SpacerRadprojectorAbilityModule;Make_LTS_EmergencyShield","10","AM_MechBreakerArmor;AM_PrestigeMechBreakerArmor;Apparel_PackBroadshield;Apparel_ShieldBelt;BM_SpacerCryoprojectorAbilityModule;BM_SpacerMagprojectorAbilityModule;BM_SpacerMedprojectorAbilityModule;BM_SpacerPyroprojectorAbilityModule;BM_SpacerRadprojectorAbilityModule;LTS_EmergencyShield","0","","","0","","1","MicroelectronicsBasics"
"ThematicMetadata","OtherRecipe;NonBuildingThing","SmokepopBelt","Smokepop pack","Core","Ludeon.RimWorld","300","0","0","","2","0","Make_Apparel_SmokepopBelt;Make_VWE_SmokeGrenade","2","Apparel_SmokepopBelt;VWE_SmokeGrenade","0","","","0","","1","Machining"
"ThematicMetadata","OtherRecipe;NonBuildingThing","WakeUpProduction","Wake-up","Core","Ludeon.RimWorld","600","0","0","","3","0","Make_BM_SpacerWakeUpSynthesizerUtilityModule;Make_WakeUp;Make_WakeUpBulk","2","BM_SpacerWakeUpSynthesizerUtilityModule;WakeUp","0","","","0","","1","DrugProduction"
"ThematicMetadata","OtherRecipe;NonBuildingThing","BioferriteExtraction","Bioferrite extraction","Anomaly","Ludeon.RimWorld.Anomaly","0","0","0","","4","0","Make_Apparel_CeremonialCultistMask;Make_Apparel_CultistMask;Make_BX_BloodletterBlade;Make_NerveSpiker","4","Apparel_CeremonialCultistMask;Apparel_CultistMask;BX_BloodletterBlade;NerveSpiker","0","","","0","","0",""
"ThematicMetadata","SurgeryRecipe","BlissLobotomy","Bliss lobotomy","Anomaly","Ludeon.RimWorld.Anomaly","0","0","0","","1","1","BlissLobotomy","0","","0","","","0","","1","BioferriteExtraction"
"GenericFallbackOnly","","BloodRain","Blood rain","Anomaly","Ludeon.RimWorld.Anomaly","0","0","0","","0","0","","0","","0","","","0","","1","AdvancedPsychicRituals"
"GenericFallbackOnly","","Brainwipe","Brainwipe","Anomaly","Ludeon.RimWorld.Anomaly","0","0","0","","0","0","","0","","0","","","0","","1","Philophagy"
"GenericFallbackOnly","","Chronophagy","Chronophagy","Anomaly","Ludeon.RimWorld.Anomaly","0","0","0","","0","0","","0","","0","","","0","","1","Psychophagy"
"ThematicMetadata","OtherRecipe;NonBuildingThing","DeadlifeDust","Deadlife dust","Anomaly","Ludeon.RimWorld.Anomaly","0","0","0","","5","0","Make_Apparel_DeadlifePack;Make_BM_SpacerDeadlifeBurstAbilityModule;Make_BM_SpacerDeadlifeSpewerAbilityModule;Make_MU_DeadlifePack;Make_Shell_Deadlife","5","Apparel_DeadlifePack;BM_SpacerDeadlifeBurstAbilityModule;BM_SpacerDeadlifeSpewerAbilityModule;MU_DeadlifePack;Shell_Deadlife","0","","","0","","1","BioferriteShaping"
"GenericFallbackOnly","","DeathRefusal","Death refusal","Anomaly","Ludeon.RimWorld.Anomaly","0","0","0","","0","0","","0","","0","","","0","","1","AdvancedPsychicRituals"
"ThematicMetadata","OtherRecipe;NonBuildingThing","DisruptorFlares","Disruptor flares","Anomaly","Ludeon.RimWorld.Anomaly","0","0","0","","3","0","Make_Apparel_DisruptorFlarePack;Make_BM_SpacerDisruptorFlareAbilityModule;Make_MU_DisruptorFlares","3","Apparel_DisruptorFlarePack;BM_SpacerDisruptorFlareAbilityModule;MU_DisruptorFlares","0","","","0","","2","BioferriteShaping;EntityContainment"
"ThematicMetadata","OtherRecipe;NonBuildingThing","GhoulEnhancements","Ghoul enhancements","Anomaly","Ludeon.RimWorld.Anomaly","0","0","0","","6","0","Make_AdrenalHeart;Make_BloodWarmer;Make_CorrosiveHeart;Make_GhoulBarbs;Make_GhoulPlating;Make_MetalbloodHeart","6","AdrenalHeart;BloodWarmer;CorrosiveHeart;GhoulBarbs;GhoulPlating;MetalbloodHeart","0","","","0","","1","GhoulInfusion"
"ThematicMetadata","SurgeryRecipe","GhoulInfusion","Ghoul infusion","Anomaly","Ludeon.RimWorld.Anomaly","0","0","0","","1","1","GhoulInfusion","0","","0","","","0","","1","BioferriteExtraction"
"ThematicMetadata","OtherRecipe;NonBuildingThing","GhoulResurrection","Ghoul resurrection","Anomaly","Ludeon.RimWorld.Anomaly","0","0","0","","1","0","Make_GhoulResurrectionSerum","1","GhoulResurrectionSerum","0","","","0","","2","GhoulEnhancements;SerumSynthesis"
"ThematicMetadata","OtherRecipe;NonBuildingThing","InsanityWeaponry","Insanity weaponry","Anomaly","Ludeon.RimWorld.Anomaly","0","0","0","","3","0","Make_Apparel_ShardPsychicInsanityLance;Make_Apparel_ShardPsychicShockLance;Make_ShardAnimalPulser","3","Apparel_ShardPsychicInsanityLance;Apparel_ShardPsychicShockLance;ShardAnimalPulser","0","","","0","","1","BioferriteShaping"
"ThematicMetadata","OtherRecipe;NonBuildingThing","JuggernautSerum","Juggernaut serum","Anomaly","Ludeon.RimWorld.Anomaly","0","0","0","","1","0","Make_JuggernautSerum","1","JuggernautSerum","0","","","0","","1","SerumSynthesis"
"ThematicMetadata","OtherRecipe;NonBuildingThing","MetalbloodSerum","Metalblood serum","Anomaly","Ludeon.RimWorld.Anomaly","0","0","0","","1","0","Make_MetalbloodSerum","1","MetalbloodSerum","0","","","0","","1","SerumSynthesis"
"ThematicMetadata","OtherRecipe;NonBuildingThing","MindNumbSerum","Mind-numb serum","Anomaly","Ludeon.RimWorld.Anomaly","0","0","0","","1","0","Make_MindNumbSerum","1","MindNumbSerum","0","","","0","","1","SerumSynthesis"
"ThematicMetadata","OtherRecipe;NonBuildingThing","MutationWeaponry","Mutation weaponry","Anomaly","Ludeon.RimWorld.Anomaly","0","0","0","","6","0","Make_AI_AnimalPseudoDeadlifeShaper;Make_AI_AnimalRangedTrispikes;Make_AI_AnimalTentacle;Make_AI_AnimalToughspikes;Make_Apparel_BiomutationLance;Make_BiomutationPulser","6","AI_AnimalPseudoDeadlifeShaper;AI_AnimalRangedTrispikes;AI_AnimalTentacle;AI_AnimalToughspikes;Apparel_BiomutationLance;BiomutationPulser","0","","","0","","1","BioferriteShaping"
"GenericFallbackOnly","","NeurosisPulse","Neurosis pulse","Anomaly","Ludeon.RimWorld.Anomaly","0","0","0","","0","0","","0","","0","","","0","","1","AdvancedPsychicRituals"
"GenericFallbackOnly","","Philophagy","Philophagy","Anomaly","Ludeon.RimWorld.Anomaly","0","0","0","","0","0","","0","","0","","","0","","2","AdvancedPsychicRituals;Chronophagy"
"GenericFallbackOnly","","PleasurePulse","Pleasure pulse","Anomaly","Ludeon.RimWorld.Anomaly","0","0","0","","0","0","","0","","0","","","0","","1","AdvancedPsychicRituals"
"GenericFallbackOnly","","Psychophagy","Psychophagy","Anomaly","Ludeon.RimWorld.Anomaly","0","0","0","","0","0","","0","","0","","","0","","1","BasicPsychicRituals"
"ThematicMetadata","OtherRecipe;NonBuildingThing","RevenantInvisibility","Revenant invisibility","Anomaly","Ludeon.RimWorld.Anomaly","0","0","0","","3","0","Make_BM_SpacerRevenantVertebraeAbilityModule;Make_MU_InvisibilityModule;Make_RevenantVertebrae","3","BM_SpacerRevenantVertebraeAbilityModule;MU_InvisibilityModule;RevenantVertebrae","0","","","0","","1","DisruptorFlares"
"GenericFallbackOnly","","SkipAbductionPlayer","Skip abduction","Anomaly","Ludeon.RimWorld.Anomaly","0","0","0","","0","0","","0","","0","","","0","","1","BasicPsychicRituals"
"GenericFallbackOnly","","SummonAnimals","Draw animals","Anomaly","Ludeon.RimWorld.Anomaly","0","0","0","","0","0","","0","","0","","","0","","1","BasicPsychicRituals"
"GenericFallbackOnly","","SummonFleshbeastsPlayer","Summon fleshbeasts","Anomaly","Ludeon.RimWorld.Anomaly","0","0","0","","0","0","","0","","0","","","0","","1","SummonAnimals"
"GenericFallbackOnly","","SummonPitGate","Provoke pit gate","Anomaly","Ludeon.RimWorld.Anomaly","0","0","0","","0","0","","0","","0","","","0","","1","AdvancedPsychicRituals"
"GenericFallbackOnly","","SummonShamblers","Draw shamblers","Anomaly","Ludeon.RimWorld.Anomaly","0","0","0","","0","0","","0","","0","","","0","","1","SummonAnimals"
"ThematicMetadata","OtherRecipe;NonBuildingThing","TurretPack","Turret pack","Anomaly","Ludeon.RimWorld.Anomaly","1400","0","0","","2","0","Make_Apparel_PackTurret;Make_BM_SpacerTurretDeployerAbilityModule","2","Apparel_PackTurret;BM_SpacerTurretDeployerAbilityModule","0","","","0","","1","MicroelectronicsBasics"
"GenericFallbackOnly","","Archogenetics","Archogenetics","Biotech","Ludeon.RimWorld.Biotech","2500","0","0","","0","0","","0","","0","","","0","","2","Fabrication;GeneProcessor"
"ThematicMetadata","SurgeryRecipe;OtherRecipe;NonBuildingThing","FertilityProcedures","Fertility procedures","Biotech","Ludeon.RimWorld.Biotech","1000","0","0","","10","7","ExtractOvum;ImplantEmbryo;ImplantIUD;Make_BM_SpacerFertilityAdjusterUtilityModule;RemoveIUD;ReverseVasectomy;TubalLigation;Vasectomy;kathanon_IVFEquality_ExtractSample;kathanon_IVFEquality_Insemination","1","BM_SpacerFertilityAdjusterUtilityModule","0","","","0","","1","Electricity"
"ThematicMetadata","OtherRecipe;NonBuildingThing","ToxFiltration","Toxin filtration","Biotech","Ludeon.RimWorld.Biotech","2000","0","0","","5","0","Make_AI_AnimalBionicKidney;Make_AI_AnimalBionicLiver;Make_AI_AnimalBionicLung;Make_DetoxifierKidney;Make_DetoxifierLung","5","AI_AnimalBionicKidney;AI_AnimalBionicLiver;AI_AnimalBionicLung;DetoxifierKidney;DetoxifierLung","0","","","0","","1","Fabrication"
"ThematicMetadata","OtherRecipe;NonBuildingThing;RequiredAnalyzed","UltraMechtech","Ultra mechtech","Biotech","Ludeon.RimWorld.Biotech","5000","0","0","","6","0","Centurion;Make_Apparel_KidMechlordSuit;Make_BM_SpacerMechsensorWorkModule;Make_LTS_CerebrexNode;Make_RemoteResurrector;Make_SignalBoosterUltra","6","Apparel_KidMechlordSuit;BM_SpacerMechsensorWorkModule;LTS_CerebrexNode;Mech_Centurion;RemoteResurrector;SignalBoosterUltra","1","NanostructuringChip","","0","","1","HighMechtech"
"GenericFallbackOnly","","Bioregeneration","Bioregeneration","Ideology","Ludeon.RimWorld.Ideology","4000","0","0","","0","0","","0","","0","","","0","","2","Biosculpting;MultiAnalyzer"
"GenericFallbackOnly","","Fishing","Fishing","Odyssey","Ludeon.RimWorld.Odyssey","600","0","0","","0","0","","0","","0","","","0","","1","VFET_Hunting"
"ThematicMetadata","Terrain","HeavyBridges","Heavy bridges","Odyssey","Ludeon.RimWorld.Odyssey","800","0","3","AncientHeavyBridge;HeavyBridge;TransparentFoundation_HeavyBridge","0","0","","0","","0","","","0","","2","Ferny_Bridge;Smithing"
"ThematicMetadata","OtherRecipe;NonBuildingThing;Techprint","ArtificialMetabolism","Artificial metabolism","Royalty","Ludeon.RimWorld.Royalty","2000","0","0","","4","0","Make_AI_AnimalNuclearStomach;Make_DetoxifierStomach;Make_NuclearStomach;Make_ReprocessorStomach","4","AI_AnimalNuclearStomach;DetoxifierStomach;NuclearStomach;ReprocessorStomach","0","","Techprint_ArtificialMetabolism","0","","1","Fabrication"
"ThematicMetadata","OtherRecipe;NonBuildingThing;Techprint","BrainWiring","Brain wiring","Royalty","Ludeon.RimWorld.Royalty","2000","0","0","","5","0","Make_AI_AnimalPainstopper;Make_AI_AnimalUnstableSkipSynapsis;Make_Joywire;Make_Mindscrew;Make_Painstopper","5","AI_AnimalPainstopper;AI_AnimalUnstableSkipSynapsis;Joywire;Mindscrew;Painstopper","0","","Techprint_BrainWiring","0","","1","MicroelectronicsBasics"
"ThematicMetadata","OtherRecipe;NonBuildingThing;Techprint","CataphractArmor","Cataphract armor","Royalty","Ludeon.RimWorld.Royalty","6000","0","0","","12","0","Make_Apparel_ArmorCataphract;Make_Apparel_ArmorCataphractPhoenix;Make_Apparel_ArmorCataphractPrestige;Make_Apparel_ArmorHelmetCataphract;Make_Apparel_ArmorHelmetCataphractPrestige;Make_Apparel_ArmorPhoenixPrestige;Make_Apparel_KidCataphractArmor;Make_Apparel_KidPhoenixArmor;Make_Apparel_KidPrestigeCataphractArmor;Make_CAT_Footwear_HeavyMarineBoots;Make_CAT_Handwear_HeavyMarineGloves;Make_CAT_PrestigeStellicKnightHelmetOpen","12","Apparel_ArmorCataphract;Apparel_ArmorCataphractPhoenix;Apparel_ArmorCataphractPrestige;Apparel_ArmorHelmetCataphract;Apparel_ArmorHelmetCataphractPrestige;Apparel_ArmorPhoenixPrestige;Apparel_KidCataphractArmor;Apparel_KidPhoenixArmor;Apparel_KidPrestigeCataphractArmor;CAT_Footwear_HeavyMarineBoots;CAT_Handwear_HeavyMarineGloves;CAT_PrestigeStellicKnightHelmetOpen","0","","Techprint_CataphractArmor","0","","1","PoweredArmor"
"ThematicMetadata","OtherRecipe;NonBuildingThing;Techprint","CircadianInfluence","Circadian influence","Royalty","Ludeon.RimWorld.Royalty","2000","0","0","","4","0","Make_AI_AnimalCircadianSupercharger;Make_CircadianAssistant;Make_CircadianHalfCycler;Make_EPIA_CircadianRefresher","4","AI_AnimalCircadianSupercharger;CircadianAssistant;CircadianHalfCycler;EPIA_CircadianRefresher","0","","Techprint_CircadianInfluence","0","","1","Fabrication"
"ThematicMetadata","OtherRecipe;NonBuildingThing;Techprint","CompactWeaponry","Compact weaponry","Royalty","Ludeon.RimWorld.Royalty","2000","0","0","","6","0","Make_BM_SpacerElbowBladeCombatModule;Make_BM_SpacerHandTalonCombatModule;Make_BM_SpacerKneeSpikeCombatModule;Make_ElbowBlade;Make_HandTalon;Make_KneeSpike","6","BM_SpacerElbowBladeCombatModule;BM_SpacerHandTalonCombatModule;BM_SpacerKneeSpikeCombatModule;ElbowBlade;HandTalon;KneeSpike","0","","Techprint_CompactWeaponry","0","","1","MicroelectronicsBasics"
"ThematicMetadata","OtherRecipe;NonBuildingThing;Techprint","FleshShaping","Flesh shaping","Royalty","Ludeon.RimWorld.Royalty","2000","0","0","","5","0","Make_AestheticNose;Make_AestheticShaper;Make_BM_SpacerAestheticUtilityModule;Make_LoveEnhancer;Make_StrengthEnhancer","5","AestheticNose;AestheticShaper;BM_SpacerAestheticUtilityModule;LoveEnhancer;StrengthEnhancer","0","","Techprint_FleshShaping","0","","1","Fabrication"
"ThematicMetadata","OtherRecipe;NonBuildingThing","Gunlink","Gunlink","Royalty","Ludeon.RimWorld.Royalty","2000","0","0","","2","0","Make_Apparel_Gunlink;Make_Apparel_Learnlink","2","Apparel_Gunlink;Apparel_Learnlink","0","","","0","","1","Fabrication"
"ThematicMetadata","OtherRecipe;NonBuildingThing;Techprint","HealingFactors","Healing factors","Royalty","Ludeon.RimWorld.Royalty","2000","0","0","","5","0","Make_AI_AnimalHealClotSynergizer;Make_CellcycleAccelerator;Make_Coagulator;Make_HealingEnhancer;Make_Synthmarrow","5","AI_AnimalHealClotSynergizer;CellcycleAccelerator;Coagulator;HealingEnhancer;Synthmarrow","0","","Techprint_HealingFactors","0","","1","Fabrication"
"ThematicMetadata","OtherRecipe;NonBuildingThing;Techprint","JumpPack","Jump packs","Royalty","Ludeon.RimWorld.Royalty","2000","0","0","","8","0","Make_AC_Apparel_WingJump;Make_Apparel_ArmorLocust;Make_Apparel_ArmorLocustPrestige;Make_Apparel_KidLocustArmor;Make_Apparel_PackJump;Make_Apparel_PackSkiritai;Make_BM_SpacerJumpPackAbilityModule;Make_BM_SpacerNuclearJumpPackAbilityModule","8","AC_Apparel_WingJump;Apparel_ArmorLocust;Apparel_ArmorLocustPrestige;Apparel_KidLocustArmor;Apparel_PackJump;Apparel_PackSkiritai;BM_SpacerJumpPackAbilityModule;BM_SpacerNuclearJumpPackAbilityModule","0","","Techprint_JumpPack","0","","1","MicroelectronicsBasics"
"ThematicMetadata","OtherRecipe;NonBuildingThing;Techprint","MolecularAnalysis","Molecular analysis","Royalty","Ludeon.RimWorld.Royalty","2000","0","0","","6","0","Make_AI_AnimalImmunoenhancer;Make_BiotunerImplant;Make_EPOE_DetoxifierEnhancer;Make_GastroAnalyzer;Make_Immunoenhancer;Make_LTS_GourmandTongue","6","AI_AnimalImmunoenhancer;BiotunerImplant;EPOE_DetoxifierEnhancer;GastroAnalyzer;Immunoenhancer;LTS_GourmandTongue","0","","Techprint_MolecularAnalysis","0","","1","Fabrication"
"ThematicMetadata","OtherRecipe;NonBuildingThing;Techprint","NeuralComputation","Neural computation","Royalty","Ludeon.RimWorld.Royalty","2000","0","0","","6","0","Make_GS_RoyalEye;Make_HackingPortImplant;Make_LTS_MemoryDatabank;Make_LearningAssistant;Make_Neurocalculator;Make_WiredReflex","6","GS_RoyalEye;HackingPortImplant;LTS_MemoryDatabank;LearningAssistant;Neurocalculator;WiredReflex","0","","Techprint_NeuralComputation","0","","1","Fabrication"
"ThematicMetadata","OtherRecipe;NonBuildingThing","NobleApparel","Noble apparel","Royalty","Ludeon.RimWorld.Royalty","400","0","0","","25","0","Make_Apparel_Beret;Make_Apparel_Corset;Make_Apparel_HatLadies;Make_Apparel_HatTop;Make_Apparel_KidFormalShirt;Make_Apparel_KidFormalVest;Make_Apparel_LM_CowboyHatPrestige;Make_Apparel_ShirtRuffle;Make_Apparel_VestRoyal;Make_DankPyon_Apparel_Zweihanders_Cuirass;Make_DankPyon_Apparel_Zweihanders_CuirassFloof;Make_DankPyon_Apparel_Zweihanders_Cuirass_Roxmont;Make_DankPyon_Headgear_ZweihanderHelm;Make_DankPyon_Headgear_ZweihanderHelmRoxmont;Make_DankPyon_Headgear_ZweihandersHat;Make_RBApparel_Tailcoat;Make_TSFApparel_DaimyoArmor;Make_TSFApparel_DaimyoHelmet;Make_VAE_Apparel_ShirtandTie;Make_VAE_Apparel_Skirt;Make_VAE_Apparel_SuitJacket;Make_VAE_Apparel_Trousers;Make_VAE_Headgear_Fedora;Make_VFEM2_Apparel_JesterHat;Make_VFEM2_Apparel_JesterOutfit","29","Apparel_Beret;Apparel_Corset;Apparel_HatLadies;Apparel_HatTop;Apparel_KidFormalShirt;Apparel_KidFormalVest;Apparel_LM_CowboyHatPrestige;Apparel_ShirtRuffle;Apparel_VestRoyal;DankPyon_Apparel_Zweihanders_Cuirass;DankPyon_Apparel_Zweihanders_CuirassFloof;DankPyon_Apparel_Zweihanders_Cuirass_Roxmont;DankPyon_Headgear_ZweihanderHelm;DankPyon_Headgear_ZweihanderHelmRoxmont;DankPyon_Headgear_ZweihandersHat;Gunmar_Apparel_FeatheredHat;Gunmar_Apparel_Smoking_Jacket;Gunmar_Apparel_TopHat;Gunmar_Apparel_Waistcoat;RBApparel_Tailcoat;TSFApparel_DaimyoArmor;TSFApparel_DaimyoHelmet;VAE_Apparel_ShirtandTie;VAE_Apparel_Skirt;VAE_Apparel_SuitJacket;VAE_Apparel_Trousers;VAE_Headgear_Fedora;VFEM2_Apparel_JesterHat;VFEM2_Apparel_JesterOutfit","0","","","0","","1","LemonSkin_RusticClothing"
"ThematicMetadata","OtherRecipe;NonBuildingThing","RoyalApparel","Royal apparel","Royalty","Ludeon.RimWorld.Royalty","400","0","0","","21","0","Make_Apparel_Coronet;Make_Apparel_Crown;Make_Apparel_CrownStellic;Make_Apparel_KidCoronet;Make_Apparel_KidCrown;Make_Apparel_KidPrestigeRobe;Make_Apparel_RobeRoyal;Make_Canon_Crown_Byzantine;Make_Canon_Crown_Byzantine_Stuffable;Make_Canon_Crown_Emerald;Make_Canon_Crown_Emerald_Stuffable;Make_Canon_Crown_Reichskrone;Make_Canon_Crown_Reichskrone_Stuffable;Make_DankPyon_Apparel_FullPlateGilded;Make_DankPyon_Headgear_ArmetGilded;Make_RBME_RoyalHellenicHelmet;Make_VFEM2_Apparel_DameDress;Make_VFEM2_Apparel_DameHat;Make_VFEM2_Apparel_KingsCrown;Make_VFEM2_Apparel_KingsRobes;Make_VFE_Apparel_StellicRobe","21","Apparel_Coronet;Apparel_Crown;Apparel_CrownStellic;Apparel_KidCoronet;Apparel_KidCrown;Apparel_KidPrestigeRobe;Apparel_RobeRoyal;Canon_Crown_Byzantine;Canon_Crown_Byzantine_Stuffable;Canon_Crown_Emerald;Canon_Crown_Emerald_Stuffable;Canon_Crown_Reichskrone;Canon_Crown_Reichskrone_Stuffable;DankPyon_Apparel_FullPlateGilded;DankPyon_Headgear_ArmetGilded;RBME_RoyalHellenicHelmet;VFEM2_Apparel_DameDress;VFEM2_Apparel_DameHat;VFEM2_Apparel_KingsCrown;VFEM2_Apparel_KingsRobes;VFE_Apparel_StellicRobe","0","","","0","","1","NobleApparel"
"ThematicMetadata","OtherRecipe;NonBuildingThing;Techprint","SkinHardening","Skin hardening","Royalty","Ludeon.RimWorld.Royalty","2000","0","0","","7","0","Make_AI_AnimalDermalArmorGland;Make_AI_AnimalSkinHardener;Make_AI_AnimalVacSkinGland;Make_ArmorskinGland;Make_StoneskinGland;Make_ToughskinGland;Make_VacskinGland","7","AI_AnimalDermalArmorGland;AI_AnimalSkinHardener;AI_AnimalVacSkinGland;ArmorskinGland;StoneskinGland;ToughskinGland;VacskinGland","0","","Techprint_SkinHardening","0","","1","Fabrication"
"ThematicMetadata","OtherRecipe;NonBuildingThing;Techprint","SpecializedLimbs","Specialized limbs","Royalty","Ludeon.RimWorld.Royalty","2000","0","0","","12","0","Make_AI_AnimalPowerClaw;Make_BM_SpacerAnalyzerWorkModule;Make_BM_SpacerChefWorkModule;Make_BM_SpacerConstructorWorkModule;Make_BM_SpacerCrafterWorkModule;Make_BM_SpacerDrillWorkModule;Make_BM_SpacerFieldWorkModule;Make_BM_SpacerMedicWorkModule;Make_DrillArm;Make_FieldHand;Make_LTS_ModuleArm_BionicClaw;Make_PowerClaw","12","AI_AnimalPowerClaw;BM_SpacerAnalyzerWorkModule;BM_SpacerChefWorkModule;BM_SpacerConstructorWorkModule;BM_SpacerCrafterWorkModule;BM_SpacerDrillWorkModule;BM_SpacerFieldWorkModule;BM_SpacerMedicWorkModule;DrillArm;FieldHand;LTS_ModuleArm_BionicClaw;PowerClaw","0","","Techprint_SpecializedLimbs","0","","1","MicroelectronicsBasics"
"ThematicMetadata","OtherRecipe;NonBuildingThing;Techprint","VenomSynthesis","Poison synthesis","Royalty","Ludeon.RimWorld.Royalty","2000","0","0","","7","0","Make_AI_AnimalVenomFangs;Make_BM_SpacerVenomFangsCombatModule;Make_BM_SpacerVenomTalonCombatModule;Make_LTS_ModuleLeg_VenomFootBlade;Make_LTS_ScorpionTail;Make_VenomFangs;Make_VenomTalon","7","AI_AnimalVenomFangs;BM_SpacerVenomFangsCombatModule;BM_SpacerVenomTalonCombatModule;LTS_ModuleLeg_VenomFootBlade;LTS_ScorpionTail;VenomFangs;VenomTalon","0","","Techprint_VenomSynthesis","0","","1","CompactWeaponry"
"ThematicMetadata","OtherRecipe;NonBuildingThing","JDSPhaseIArmorARC","ARC Training","[JDS] StarWars - Phase I Clone Armor","M3.Continued.JangoDsoul.StarWars.PICAS","3850","0","0","","25","0","Make_JDSW_PhaseOneGear_Alpha17a;Make_JDSW_PhaseOneGear_Alpha17b;Make_JDSW_PhaseOneGear_Alpha17c;Make_JDSW_PhaseOneGear_Alpha17d;Make_JDSW_PhaseOneGear_Alpha17e;Make_JDSW_PhaseOneGear_Kama0a;Make_JDSW_PhaseOneGear_Kama1a;Make_JDSW_PhaseOneGear_Kama2a;Make_JDSW_PhaseOneGear_Kama3a;Make_JDSW_PhaseOneGear_Kama4a;Make_JDSW_PhaseOneGear_Pauldron0A;Make_JDSW_PhaseOneGear_Pauldron0B;Make_JDSW_PhaseOneGear_Pauldron0C;Make_JDSW_PhaseOneGear_Pauldron1A;Make_JDSW_PhaseOneGear_Pauldron1B;Make_JDSW_PhaseOneGear_Pauldron1C;Make_JDSW_PhaseOneGear_Pauldron2A;Make_JDSW_PhaseOneGear_Pauldron2B;Make_JDSW_PhaseOneGear_Pauldron2C;Make_JDSW_PhaseOneGear_Pauldron3A;Make_JDSW_PhaseOneGear_Pauldron3B;Make_JDSW_PhaseOneGear_Pauldron3C;Make_JDSW_PhaseOneGear_Pauldron4A;Make_JDSW_PhaseOneGear_Pauldron4B;Make_JDSW_PhaseOneGear_Pauldron4C","25","JDSW_PhaseOneGear_Alpha17a;JDSW_PhaseOneGear_Alpha17b;JDSW_PhaseOneGear_Alpha17c;JDSW_PhaseOneGear_Alpha17d;JDSW_PhaseOneGear_Alpha17e;JDSW_PhaseOneGear_Kama0a;JDSW_PhaseOneGear_Kama1a;JDSW_PhaseOneGear_Kama2a;JDSW_PhaseOneGear_Kama3a;JDSW_PhaseOneGear_Kama4a;JDSW_PhaseOneGear_Pauldron0A;JDSW_PhaseOneGear_Pauldron0B;JDSW_PhaseOneGear_Pauldron0C;JDSW_PhaseOneGear_Pauldron1A;JDSW_PhaseOneGear_Pauldron1B;JDSW_PhaseOneGear_Pauldron1C;JDSW_PhaseOneGear_Pauldron2A;JDSW_PhaseOneGear_Pauldron2B;JDSW_PhaseOneGear_Pauldron2C;JDSW_PhaseOneGear_Pauldron3A;JDSW_PhaseOneGear_Pauldron3B;JDSW_PhaseOneGear_Pauldron3C;JDSW_PhaseOneGear_Pauldron4A;JDSW_PhaseOneGear_Pauldron4B;JDSW_PhaseOneGear_Pauldron4C","0","","","0","","1","JDSPhaseIArmorStart"
"ThematicMetadata","OtherRecipe;NonBuildingThing","JDSPhaseIArmorComd","Commando Training","[JDS] StarWars - Phase I Clone Armor","M3.Continued.JangoDsoul.StarWars.PICAS","6500","0","0","","4","0","Make_JDSW_Katarn_Backpack_Heavy;Make_JDSW_Katarn_Backpack_Standard;Make_JDSW_PhaseOneArmor_Katarn-Class;Make_JDSW_PhaseOneHelmet_Katarn-Class","4","JDSW_Katarn_Backpack_Heavy;JDSW_Katarn_Backpack_Standard;JDSW_PhaseOneArmor_Katarn-Class;JDSW_PhaseOneHelmet_Katarn-Class","0","","","0","","2","JDSPhaseIArmorARC;JDSPhaseIArmorSpecialist"
"ThematicMetadata","OtherRecipe;NonBuildingThing","JDSPhaseIArmorLeadership","Leadership Training","[JDS] StarWars - Phase I Clone Armor","M3.Continued.JangoDsoul.StarWars.PICAS","2000","0","0","","8","0","Make_JDSW_PhaseOneArmor_Captain;Make_JDSW_PhaseOneArmor_Commander;Make_JDSW_PhaseOneArmor_Lieutenant;Make_JDSW_PhaseOneArmor_Sergeant;Make_JDSW_PhaseOneHelmet_Captain;Make_JDSW_PhaseOneHelmet_Commander;Make_JDSW_PhaseOneHelmet_Lieutenant;Make_JDSW_PhaseOneHelmet_Sergeant","8","JDSW_PhaseOneArmor_Captain;JDSW_PhaseOneArmor_Commander;JDSW_PhaseOneArmor_Lieutenant;JDSW_PhaseOneArmor_Sergeant;JDSW_PhaseOneHelmet_Captain;JDSW_PhaseOneHelmet_Commander;JDSW_PhaseOneHelmet_Lieutenant;JDSW_PhaseOneHelmet_Sergeant","0","","","0","","1","JDSPhaseIArmorStart"
"ThematicMetadata","OtherRecipe;NonBuildingThing","JDSPhaseIArmorSpecialist","Specialist Training","[JDS] StarWars - Phase I Clone Armor","M3.Continued.JangoDsoul.StarWars.PICAS","2500","0","0","","12","0","Make_JDSW_PhaseOneArmor_ColdAssault;Make_JDSW_PhaseOneGear_HeavyGunner;Make_JDSW_PhaseOneHelmet_ARF;Make_JDSW_PhaseOneHelmet_ColdAssault;Make_JDSW_PhaseOneHelmet_Engineer;Make_JDSW_PhaseOneHelmet_HeavyAssault;Make_JDSW_PhaseOneHelmet_HeavyGunner;Make_JDSW_PhaseOneHelmet_Pilot;Make_JDSW_PhaseOneHelmet_Rangefinder;Make_JDSW_PhaseOneHelmet_RiseRangefinder;Make_JDSW_PhaseOneHelmet_Sonic;Make_JDSW_PhaseOneHelmet_Visor","12","JDSW_PhaseOneArmor_ColdAssault;JDSW_PhaseOneGear_HeavyGunner;JDSW_PhaseOneHelmet_ARF;JDSW_PhaseOneHelmet_ColdAssault;JDSW_PhaseOneHelmet_Engineer;JDSW_PhaseOneHelmet_HeavyAssault;JDSW_PhaseOneHelmet_HeavyGunner;JDSW_PhaseOneHelmet_Pilot;JDSW_PhaseOneHelmet_Rangefinder;JDSW_PhaseOneHelmet_RiseRangefinder;JDSW_PhaseOneHelmet_Sonic;JDSW_PhaseOneHelmet_Visor","0","","","0","","1","JDSPhaseIArmorStart"
"ThematicMetadata","OtherRecipe;NonBuildingThing","JDSPhaseIArmorStart","Standard Training","[JDS] StarWars - Phase I Clone Armor","M3.Continued.JangoDsoul.StarWars.PICAS","1500","0","0","","3","0","Make_JDSW_PhaseOneArmor_Standard;Make_JDSW_PhaseOneHelmet_Standard;Make_JDSW_V1_BodyGlove_Standard","3","JDSW_PhaseOneArmor_Standard;JDSW_PhaseOneHelmet_Standard;JDSW_V1_BodyGlove_Standard","0","","","0","","1","Fabrication"
"ThematicMetadata","OtherRecipe;NonBuildingThing","JDSPhaseIIArmorARC","ARC Training","[JDS] StarWars - Phase II Clone Armor","M3.Continued.JangoDsoul.StarWars.PIICAS","3850","0","0","","8","0","Make_JDSW_PhaseTwoGear_Kama0a;Make_JDSW_PhaseTwoGear_Pauldron0A;Make_JDSW_PhaseTwoGear_Pauldron1A;Make_JDSW_PhaseTwoGear_Pauldron2A;Make_JDSW_PhaseTwoGear_Pauldron3A;Make_JDSW_PhaseTwoGear_Pauldron4A;Make_JDSW_PhaseTwoGear_Pauldron5A;Make_JDSW_PhaseTwoHelmet_ARC","8","JDSW_PhaseTwoGear_Kama0a;JDSW_PhaseTwoGear_Pauldron0A;JDSW_PhaseTwoGear_Pauldron1A;JDSW_PhaseTwoGear_Pauldron2A;JDSW_PhaseTwoGear_Pauldron3A;JDSW_PhaseTwoGear_Pauldron4A;JDSW_PhaseTwoGear_Pauldron5A;JDSW_PhaseTwoHelmet_ARC","0","","","0","","1","JDSPhaseIIArmorStart"
"ThematicMetadata","OtherRecipe;NonBuildingThing","JDSPhaseIIArmorBattalions","Battalion Uniforms","[JDS] StarWars - Phase II Clone Armor","M3.Continued.JangoDsoul.StarWars.PIICAS","3850","0","0","","58","0","Make_JDSW_PhaseTwoArmor_104thBattalion;Make_JDSW_PhaseTwoArmor_104thBattalion_Wolffe;Make_JDSW_PhaseTwoArmor_187thLegion;Make_JDSW_PhaseTwoArmor_187thLegion_Commander;Make_JDSW_PhaseTwoArmor_212thBattalion;Make_JDSW_PhaseTwoArmor_212thBattalion_Airborne;Make_JDSW_PhaseTwoArmor_212thBattalion_Cody;Make_JDSW_PhaseTwoArmor_21stNovaCorps_Bacara;Make_JDSW_PhaseTwoArmor_21stNovaCorps_Marine;Make_JDSW_PhaseTwoArmor_327thBattalion;Make_JDSW_PhaseTwoArmor_327thBattalion_Bly;Make_JDSW_PhaseTwoArmor_327thBattalion_Deviss;Make_JDSW_PhaseTwoArmor_332ndBattalion_Three;Make_JDSW_PhaseTwoArmor_332ndBattalion_Two;Make_JDSW_PhaseTwoArmor_332ndBattalion_one;Make_JDSW_PhaseTwoArmor_41stEliteCorps;Make_JDSW_PhaseTwoArmor_41stEliteCorps_Camo;Make_JDSW_PhaseTwoArmor_41stEliteCorps_Gree;Make_JDSW_PhaseTwoArmor_41stEliteCorps_Scout;Make_JDSW_PhaseTwoArmor_501stBattalion;Make_JDSW_PhaseTwoArmor_501stBattalion_Fives;Make_JDSW_PhaseTwoArmor_501stBattalion_HardCase;Make_JDSW_PhaseTwoArmor_501stBattalion_Rex;Make_JDSW_PhaseTwoArmor_CoruscantGuard;Make_JDSW_PhaseTwoArmor_CoruscantGuard_Fox;Make_JDSW_PhaseTwoArmor_CoruscantGuard_Hound;Make_JDSW_PhaseTwoArmor_CoruscantGuard_Thire;Make_JDSW_PhaseTwoHelmet_104thBattalion;Make_JDSW_PhaseTwoHelmet_104thBattalion_Boost;Make_JDSW_PhaseTwoHelmet_104thBattalion_Sinker;Make_JDSW_PhaseTwoHelmet_104thBattalion_Wolffe;Make_JDSW_PhaseTwoHelmet_187thLegion;Make_JDSW_PhaseTwoHelmet_187thLegion_Commander;Make_JDSW_PhaseTwoHelmet_212thBattalion;Make_JDSW_PhaseTwoHelmet_212thBattalion_Airborne;Make_JDSW_PhaseTwoHelmet_212thBattalion_Boil;Make_JDSW_PhaseTwoHelmet_212thBattalion_Cody;Make_JDSW_PhaseTwoHelmet_21stNovaCorps_Marine;Make_JDSW_PhaseTwoHelmet_327thBattalion;Make_JDSW_PhaseTwoHelmet_327thBattalion_Barc;Make_JDSW_PhaseTwoHelmet_327thBattalion_Bly;Make_JDSW_PhaseTwoHelmet_327thBattalion_Deviss;Make_JDSW_PhaseTwoHelmet_332ndBattalion_Four;Make_JDSW_PhaseTwoHelmet_332ndBattalion_One;Make_JDSW_PhaseTwoHelmet_332ndBattalion_Three;Make_JDSW_PhaseTwoHelmet_332ndBattalion_Two;Make_JDSW_PhaseTwoHelmet_41stEliteCorps;Make_JDSW_PhaseTwoHelmet_41stEliteCorps_Camo;Make_JDSW_PhaseTwoHelmet_41stEliteCorps_Gree;Make_JDSW_PhaseTwoHelmet_41stEliteCorps_Scout;Make_JDSW_PhaseTwoHelmet_501stBattalion;Make_JDSW_PhaseTwoHelmet_501stBattalion_Fives;Make_JDSW_PhaseTwoHelmet_501stBattalion_HardCase;Make_JDSW_PhaseTwoHelmet_501stBattalion_Rex;Make_JDSW_PhaseTwoHelmet_CoruscantGuard;Make_JDSW_PhaseTwoHelmet_CoruscantGuard_Fox;Make_JDSW_PhaseTwoHelmet_CoruscantGuard_Hound;Make_JDSW_PhaseTwoHelmet_CoruscantGuard_Thire","58","JDSW_PhaseTwoArmor_104thBattalion;JDSW_PhaseTwoArmor_104thBattalion_Wolffe;JDSW_PhaseTwoArmor_187thLegion;JDSW_PhaseTwoArmor_187thLegion_Commander;JDSW_PhaseTwoArmor_212thBattalion;JDSW_PhaseTwoArmor_212thBattalion_Airborne;JDSW_PhaseTwoArmor_212thBattalion_Cody;JDSW_PhaseTwoArmor_21stNovaCorps_Bacara;JDSW_PhaseTwoArmor_21stNovaCorps_Marine;JDSW_PhaseTwoArmor_327thBattalion;JDSW_PhaseTwoArmor_327thBattalion_Bly;JDSW_PhaseTwoArmor_327thBattalion_Deviss;JDSW_PhaseTwoArmor_332ndBattalion_Three;JDSW_PhaseTwoArmor_332ndBattalion_Two;JDSW_PhaseTwoArmor_332ndBattalion_one;JDSW_PhaseTwoArmor_41stEliteCorps;JDSW_PhaseTwoArmor_41stEliteCorps_Camo;JDSW_PhaseTwoArmor_41stEliteCorps_Gree;JDSW_PhaseTwoArmor_41stEliteCorps_Scout;JDSW_PhaseTwoArmor_501stBattalion;JDSW_PhaseTwoArmor_501stBattalion_Fives;JDSW_PhaseTwoArmor_501stBattalion_HardCase;JDSW_PhaseTwoArmor_501stBattalion_Rex;JDSW_PhaseTwoArmor_CoruscantGuard;JDSW_PhaseTwoArmor_CoruscantGuard_Fox;JDSW_PhaseTwoArmor_CoruscantGuard_Hound;JDSW_PhaseTwoArmor_CoruscantGuard_Thire;JDSW_PhaseTwoHelmet_104thBattalion;JDSW_PhaseTwoHelmet_104thBattalion_Boost;JDSW_PhaseTwoHelmet_104thBattalion_Sinker;JDSW_PhaseTwoHelmet_104thBattalion_Wolffe;JDSW_PhaseTwoHelmet_187thLegion;JDSW_PhaseTwoHelmet_187thLegion_Commander;JDSW_PhaseTwoHelmet_212thBattalion;JDSW_PhaseTwoHelmet_212thBattalion_Airborne;JDSW_PhaseTwoHelmet_212thBattalion_Boil;JDSW_PhaseTwoHelmet_212thBattalion_Cody;JDSW_PhaseTwoHelmet_21stNovaCorps_Marine;JDSW_PhaseTwoHelmet_327thBattalion;JDSW_PhaseTwoHelmet_327thBattalion_Barc;JDSW_PhaseTwoHelmet_327thBattalion_Bly;JDSW_PhaseTwoHelmet_327thBattalion_Deviss;JDSW_PhaseTwoHelmet_332ndBattalion_Four;JDSW_PhaseTwoHelmet_332ndBattalion_One;JDSW_PhaseTwoHelmet_332ndBattalion_Three;JDSW_PhaseTwoHelmet_332ndBattalion_Two;JDSW_PhaseTwoHelmet_41stEliteCorps;JDSW_PhaseTwoHelmet_41stEliteCorps_Camo;JDSW_PhaseTwoHelmet_41stEliteCorps_Gree;JDSW_PhaseTwoHelmet_41stEliteCorps_Scout;JDSW_PhaseTwoHelmet_501stBattalion;JDSW_PhaseTwoHelmet_501stBattalion_Fives;JDSW_PhaseTwoHelmet_501stBattalion_HardCase;JDSW_PhaseTwoHelmet_501stBattalion_Rex;JDSW_PhaseTwoHelmet_CoruscantGuard;JDSW_PhaseTwoHelmet_CoruscantGuard_Fox;JDSW_PhaseTwoHelmet_CoruscantGuard_Hound;JDSW_PhaseTwoHelmet_CoruscantGuard_Thire","0","","","0","","1","JDSPhaseIIArmorStart"
"GenericFallbackOnly","","JDSPhaseIIArmorLeadership","Leadership Training","[JDS] StarWars - Phase II Clone Armor","M3.Continued.JangoDsoul.StarWars.PIICAS","2000","0","0","","0","0","","0","","0","","","0","","1","JDSPhaseIIArmorStart"
"ThematicMetadata","OtherRecipe;NonBuildingThing","JDSPhaseIIArmorSpecialist","Specialist Training","[JDS] StarWars - Phase II Clone Armor","M3.Continued.JangoDsoul.StarWars.PIICAS","2500","0","0","","22","0","Make_JDSW_PhaseTwoArmor_ColdAssault;Make_JDSW_PhaseTwoArmor_Desert;Make_JDSW_PhaseTwoArmor_Pilot;Make_JDSW_PhaseTwoArmor_Scout;Make_JDSW_PhaseTwoGear_HeavyGunner;Make_JDSW_PhaseTwoGear_TankGunner;Make_JDSW_PhaseTwoHelmet_ARF;Make_JDSW_PhaseTwoHelmet_AT-RT-Driver;Make_JDSW_PhaseTwoHelmet_BARC;Make_JDSW_PhaseTwoHelmet_ColdAssault;Make_JDSW_PhaseTwoHelmet_Desert;Make_JDSW_PhaseTwoHelmet_Engineer;Make_JDSW_PhaseTwoHelmet_HeavyAssault;Make_JDSW_PhaseTwoHelmet_HeavyGunner;Make_JDSW_PhaseTwoHelmet_Paratrooper;Make_JDSW_PhaseTwoHelmet_Pilot;Make_JDSW_PhaseTwoHelmet_Rangefinder;Make_JDSW_PhaseTwoHelmet_RiseRangefinder;Make_JDSW_PhaseTwoHelmet_Scout;Make_JDSW_PhaseTwoHelmet_Sonic;Make_JDSW_PhaseTwoHelmet_Tank-Gunner;Make_JDSW_PhaseTwoHelmet_Visor","22","JDSW_PhaseTwoArmor_ColdAssault;JDSW_PhaseTwoArmor_Desert;JDSW_PhaseTwoArmor_Pilot;JDSW_PhaseTwoArmor_Scout;JDSW_PhaseTwoGear_HeavyGunner;JDSW_PhaseTwoGear_TankGunner;JDSW_PhaseTwoHelmet_ARF;JDSW_PhaseTwoHelmet_AT-RT-Driver;JDSW_PhaseTwoHelmet_BARC;JDSW_PhaseTwoHelmet_ColdAssault;JDSW_PhaseTwoHelmet_Desert;JDSW_PhaseTwoHelmet_Engineer;JDSW_PhaseTwoHelmet_HeavyAssault;JDSW_PhaseTwoHelmet_HeavyGunner;JDSW_PhaseTwoHelmet_Paratrooper;JDSW_PhaseTwoHelmet_Pilot;JDSW_PhaseTwoHelmet_Rangefinder;JDSW_PhaseTwoHelmet_RiseRangefinder;JDSW_PhaseTwoHelmet_Scout;JDSW_PhaseTwoHelmet_Sonic;JDSW_PhaseTwoHelmet_Tank-Gunner;JDSW_PhaseTwoHelmet_Visor","0","","","0","","1","JDSPhaseIIArmorStart"
"ThematicMetadata","OtherRecipe;NonBuildingThing","JDSPhaseIIArmorStart","Standard Training","[JDS] StarWars - Phase II Clone Armor","M3.Continued.JangoDsoul.StarWars.PIICAS","1500","0","0","","4","0","Make_JDSW_PhaseTwoArmor_Standard;Make_JDSW_PhaseTwoBackpack_Standard;Make_JDSW_PhaseTwoHelmet_Standard;Make_JDSW_V2_BodyGlove_Standard","4","JDSW_PhaseTwoArmor_Standard;JDSW_PhaseTwoBackpack_Standard;JDSW_PhaseTwoHelmet_Standard;JDSW_V2_BodyGlove_Standard","0","","","0","","1","Fabrication"
"ThematicMetadata","OtherRecipe;NonBuildingThing","FOF_Drugs","Razor","Forsaken Faction For Alpha Genes","Matsay.ForsakenFaction","500","0","0","","2","0","Make_FOF_Razor;Make_FOF_RazorBulk","1","FOF_Razor","0","","","0","","2","DrugProduction;FOF_Plants"
"GenericFallbackOnly","","FOF_Plants","Forsakens plants","Forsaken Faction For Alpha Genes","Matsay.ForsakenFaction","900","0","0","","0","0","","0","","0","","","0","","0",""
"ThematicMetadata","SurgeryRecipe","WCE2_AdvancedTorture","Advanced torture methods","War Crimes Expanded 2 Core (Updated)","Mersid.WCE2Updated.Core","1000","0","0","","9","9","WCE2_InstallAggressionAmplifier;WCE2_InstallEMPKillswitch;WCE2_InstallEMPRelay;WCE2_InstallEmotionDestabilizer;WCE2_InstallMemoryExpulsor;WCE2_InstallPainAmplifier;WCE2_InstallPanicInducer;WCE2_InstallSleepDeprivator;WCE2_Lobotomize","0","","0","","","0","","1","WCE2_OrganDestabilization"
"ThematicMetadata","SurgeryRecipe;NonBuildingThing","WCE2_CrudeTorture","Crude torture methods","War Crimes Expanded 2 Core (Updated)","Mersid.WCE2Updated.Core","200","0","0","","20","20","WCE2_BashTeeth;WCE2_BreakJaw;WCE2_CutEarOff;WCE2_CutNoseOff;WCE2_Elbowcap;WCE2_GougeEye;WCE2_HackOffLimb;WCE2_ImplantSteelSpikes;WCE2_InjureSpine;WCE2_Kneecap;WCE2_MangleFoot;WCE2_MangleHand;WCE2_MutilateFace;WCE2_PunctureEar;WCE2_PunctureEye;WCE2_RipOutHeart;WCE2_RipOutLiver;WCE2_SutureEye;WCE2_SutureMouth;WCE2_TraumaSavant","3","Leather_Human;Meat_Human;WoodLog","0","","","0","","1","VFET_Culture"
"ThematicMetadata","SurgeryRecipe","WCE2_MedicalTorture","Medical torture methods","War Crimes Expanded 2 Core (Updated)","Mersid.WCE2Updated.Core","600","0","0","","3","3","WCE2_Vivisect;WCE_RemoveBrand;WCE_RemoveVivisection","0","","0","","","0","","1","WCE2_CrudeTorture"
"ThematicMetadata","SurgeryRecipe;OtherRecipe;NonBuildingThing","WCE2_NeutroamineIncubation","Neutroamine incubator","War Crimes Expanded 2 Core (Updated)","Mersid.WCE2Updated.Core","1500","0","0","","2","1","Make_WCE2_NeutroamineIncubator;WCE2_InstallNeutroamineIncubator","1","WCE2_NeutroamineIncubator","0","","","0","","1","WCE2_OrganDestabilization"
"ThematicMetadata","SurgeryRecipe;OtherRecipe;NonBuildingThing","WCE2_OrganDestabilization","Organ destabilization","War Crimes Expanded 2 Core (Updated)","Mersid.WCE2Updated.Core","600","0","0","","17","16","Make_WCE2_OrganModificationKit;WCE2_InstallCoagulantSuppressor;WCE2_InstallHealingInhibitor;WCE2_InstallHeartIrregulator;WCE2_InstallStomachClamp;WCE2_RemoveAggressionAmplifier;WCE2_RemoveCoagulantSuppressor;WCE2_RemoveEMPKillswitch;WCE2_RemoveEMPRelay;WCE2_RemoveEmotionDestabilizer;WCE2_RemoveHealingInhibitor;WCE2_RemoveHeartIrregulator;WCE2_RemoveMemoryExpulsor;WCE2_RemovePainAmplifier;WCE2_RemovePanicInducer;WCE2_RemoveSleepDeprivator;WCE2_RemoveStomachClamp","1","WCE2_OrganModificationKit","0","","","0","","1","WCE2_MedicalTorture"
"ThematicMetadata","SurgeryRecipe;OtherRecipe;NonBuildingThing","WCE2_QuestionableFoodProduction","Growth stimulator","War Crimes Expanded 2 Core (Updated)","Mersid.WCE2Updated.Core","800","0","0","","2","1","Make_WCE2_GrowthStimulator;WCE2_InstallGrowthStimulator","1","WCE2_GrowthStimulator","0","","","0","","1","WCE2_MedicalTorture"
"ThematicMetadata","OtherRecipe;NonBuildingThing","AntigrainDeadManSwitch","Antigrain Dead Mans switches","Die for me (Continued)","Mlie.DieForMe","2500","0","0","","1","0","Make_AntigrainDeadManSwitch_Item","1","AntigrainDeadManSwitch_Item","0","","","0","","1","FurtherDeadManSwitch"
"ThematicMetadata","OtherRecipe;NonBuildingThing","ExplosiveDeadManSwitch","Explosive Dead Mans Switch","Die for me (Continued)","Mlie.DieForMe","2000","0","0","","1","0","Make_HighExplosiveDeadManSwitch_Item","1","HighExplosiveDeadManSwitch_Item","0","","","0","","1","MicroelectronicsBasics"
"ThematicMetadata","OtherRecipe;NonBuildingThing","FurtherDeadManSwitch","Further Dead Mans switches","Die for me (Continued)","Mlie.DieForMe","1000","0","0","","3","0","Make_EMPDeadManSwitch_Item;Make_FirefoamDeadManSwitch_Item;Make_IncendiaryDeadManSwitch_Item","3","EMPDeadManSwitch_Item;FirefoamDeadManSwitch_Item;IncendiaryDeadManSwitch_Item","0","","","0","","1","ExplosiveDeadManSwitch"
"ThematicMetadata","OtherRecipe;NonBuildingThing","BM_AnomalyModules","Anomalous bionic modules","Bionic modularity","MrKociak.YABEMBionicModularity","0","0","0","","5","0","BM_SpacerVoidreaderSubpersonaChip_Produce;Make_BM_SpacerDeadlifeBurstAbilityModule;Make_BM_SpacerDeadlifeSpewerAbilityModule;Make_BM_SpacerDisruptorFlareAbilityModule;Make_BM_SpacerRevenantVertebraeAbilityModule","5","BM_SpacerDeadlifeBurstAbilityModule;BM_SpacerDeadlifeSpewerAbilityModule;BM_SpacerDisruptorFlareAbilityModule;BM_SpacerRevenantVertebraeAbilityModule;BM_SpacerVoidreaderSubpersonaChip","0","","","0","","2","BM_SpacerBionicImplants;BioferriteShaping"
"ThematicMetadata","OtherRecipe;NonBuildingThing","BM_ChemicalModules","Compact chemistry","Bionic modularity","MrKociak.YABEMBionicModularity","2540","0","0","","24","0","Make_BM_SpacerCryoweaveSupportModule;Make_BM_SpacerDeadlifeBurstAbilityModule;Make_BM_SpacerDeadlifeSpewerAbilityModule;Make_BM_SpacerFirefoamBurstAbilityModule;Make_BM_SpacerFluImmunizerSupportModule;Make_BM_SpacerGutWormsImmunizerSupportModule;Make_BM_SpacerHighExplosiveBurstAbilityModule;Make_BM_SpacerIncendiaryBurstAbilityModule;Make_BM_SpacerLeathermakerUtilityModule;Make_BM_SpacerLungRotImmunizerSupportModule;Make_BM_SpacerMagweaveSupportModule;Make_BM_SpacerMalariaImmunizerSupportModule;Make_BM_SpacerMeatmakerUtilityModule;Make_BM_SpacerMuscleParasitesImmunizerSupportModule;Make_BM_SpacerOverdoseImmunizerSupportModule;Make_BM_SpacerPlagueImmunizerSupportModule;Make_BM_SpacerPyroweaveSupportModule;Make_BM_SpacerScariaImmunizerSupportModule;Make_BM_SpacerSleepingSicknessImmunizerSupportModule;Make_BM_SpacerSmokeBurstAbilityModule;Make_BM_SpacerSmokeSpewerAbilityModule;Make_BM_SpacerToxBurstAbilityModule;Make_BM_SpacerToxSpewerAbilityModule;Make_BM_SpacerToxweaveSupportModule","24","BM_SpacerCryoweaveSupportModule;BM_SpacerDeadlifeBurstAbilityModule;BM_SpacerDeadlifeSpewerAbilityModule;BM_SpacerFirefoamBurstAbilityModule;BM_SpacerFluImmunizerSupportModule;BM_SpacerGutWormsImmunizerSupportModule;BM_SpacerHighExplosiveBurstAbilityModule;BM_SpacerIncendiaryBurstAbilityModule;BM_SpacerLeathermakerUtilityModule;BM_SpacerLungRotImmunizerSupportModule;BM_SpacerMagweaveSupportModule;BM_SpacerMalariaImmunizerSupportModule;BM_SpacerMeatmakerUtilityModule;BM_SpacerMuscleParasitesImmunizerSupportModule;BM_SpacerOverdoseImmunizerSupportModule;BM_SpacerPlagueImmunizerSupportModule;BM_SpacerPyroweaveSupportModule;BM_SpacerScariaImmunizerSupportModule;BM_SpacerSleepingSicknessImmunizerSupportModule;BM_SpacerSmokeBurstAbilityModule;BM_SpacerSmokeSpewerAbilityModule;BM_SpacerToxBurstAbilityModule;BM_SpacerToxSpewerAbilityModule;BM_SpacerToxweaveSupportModule","0","","","0","","1","BM_SpacerBionicImplants"
"ThematicMetadata","OtherRecipe;NonBuildingThing","BM_MechaniteModules","Mechanite hosting","Bionic modularity","MrKociak.YABEMBionicModularity","2930","0","0","","14","0","Make_BM_SpacerCryostrikeSupportModule;Make_BM_SpacerFluImmunizerSupportModule;Make_BM_SpacerGutWormsImmunizerSupportModule;Make_BM_SpacerLungRotImmunizerSupportModule;Make_BM_SpacerMagstrikeSupportModule;Make_BM_SpacerMalariaImmunizerSupportModule;Make_BM_SpacerMuscleParasitesImmunizerSupportModule;Make_BM_SpacerOverdoseImmunizerSupportModule;Make_BM_SpacerPlagueImmunizerSupportModule;Make_BM_SpacerPyrostrikeSupportModule;Make_BM_SpacerResurrectorSupportModule;Make_BM_SpacerScariaImmunizerSupportModule;Make_BM_SpacerSleepingSicknessImmunizerSupportModule;Make_BM_SpacerVenomstrikeSupportModule","14","BM_SpacerCryostrikeSupportModule;BM_SpacerFluImmunizerSupportModule;BM_SpacerGutWormsImmunizerSupportModule;BM_SpacerLungRotImmunizerSupportModule;BM_SpacerMagstrikeSupportModule;BM_SpacerMalariaImmunizerSupportModule;BM_SpacerMuscleParasitesImmunizerSupportModule;BM_SpacerOverdoseImmunizerSupportModule;BM_SpacerPlagueImmunizerSupportModule;BM_SpacerPyrostrikeSupportModule;BM_SpacerResurrectorSupportModule;BM_SpacerScariaImmunizerSupportModule;BM_SpacerSleepingSicknessImmunizerSupportModule;BM_SpacerVenomstrikeSupportModule","0","","","0","","1","BM_SpacerBionicImplants"
"ThematicMetadata","OtherRecipe;NonBuildingThing","BM_SpacerBionicImplants","Bionic modules","Bionic modularity","MrKociak.YABEMBionicModularity","3500","0","0","","109","0","Make_BM_SpacerAestheticUtilityModule;Make_BM_SpacerAirwireUtilityModule;Make_BM_SpacerAlcoholSynthesizerUtilityModule;Make_BM_SpacerAnalyzerWorkModule;Make_BM_SpacerAntigrainTrapDeployerAbilityModule;Make_BM_SpacerAssaultRifleCombatModule;Make_BM_SpacerAtmofilterUtilityModule;Make_BM_SpacerAtomipowerPowerModule;Make_BM_SpacerAutopistolCombatModule;Make_BM_SpacerBiowelderUtilityModule;Make_BM_SpacerBrawlerCombatModule;Make_BM_SpacerCarrierUtilityModule;Make_BM_SpacerChainShotgunCombatModule;Make_BM_SpacerChargeLanceCombatModule;Make_BM_SpacerChargeRifleCombatModule;Make_BM_SpacerChefWorkModule;Make_BM_SpacerChempowerPowerModule;Make_BM_SpacerCoagulatorUtilityModule;Make_BM_SpacerConstructorWorkModule;Make_BM_SpacerCoolerUtilityModule;Make_BM_SpacerCrafterWorkModule;Make_BM_SpacerCryoprojectorAbilityModule;Make_BM_SpacerCryostrikeSupportModule;Make_BM_SpacerDeadlifeTrapDeployerAbilityModule;Make_BM_SpacerDetoxifierUtilityModule;Make_BM_SpacerDevourerUtilityModule;Make_BM_SpacerDoomsdayRocketLauncherCombatModule;Make_BM_SpacerDrillWorkModule;Make_BM_SpacerEMPGrenadeCombatModule;Make_BM_SpacerEMPLauncherCombatModule;Make_BM_SpacerEMPTrapDeployerAbilityModule;Make_BM_SpacerEcholocationUtilityModule;Make_BM_SpacerElbowBladeCombatModule;Make_BM_SpacerExplosiveTrapDeployerAbilityModule;Make_BM_SpacerFertilityAdjusterUtilityModule;Make_BM_SpacerFieldWorkModule;Make_BM_SpacerFirefoamTrapDeployerAbilityModule;Make_BM_SpacerFlashlightUtilityModule;Make_BM_SpacerFragGrenadeCombatModule;Make_BM_SpacerFuelmakerUtilityModule;Make_BM_SpacerGastroanalyzerWorkModule;Make_BM_SpacerGastrosterilizerUtilityModule;Make_BM_SpacerGoJuiceSynthesizerUtilityModule;Make_BM_SpacerHandTalonCombatModule;Make_BM_SpacerHeaterUtilityModule;Make_BM_SpacerHeavySMGCombatModule;Make_BM_SpacerHemofilterUtilityModule;Make_BM_SpacerHemomakerUtilityModule;Make_BM_SpacerHoverUtilityModule;Make_BM_SpacerHunterDroneDeployerAbilityModule;Make_BM_SpacerImmunoenhancerUtilityModule;Make_BM_SpacerIncendiaryLauncherCombatModule;Make_BM_SpacerIncendiaryTrapDeployerAbilityModule;Make_BM_SpacerJumpPackAbilityModule;Make_BM_SpacerKneeSpikeCombatModule;Make_BM_SpacerLMGCombatModule;Make_BM_SpacerLeapAbilityModule;Make_BM_SpacerLowShieldDeployerAbilityModule;Make_BM_SpacerMagprojectorAbilityModule;Make_BM_SpacerMagstrikeSupportModule;Make_BM_SpacerMechanalyzerWorkModule;Make_BM_SpacerMecharrayUtilityModule;Make_BM_SpacerMechsensorWorkModule;Make_BM_SpacerMedicWorkModule;Make_BM_SpacerMedprojectorAbilityModule;Make_BM_SpacerMindreaderWorkModule;Make_BM_SpacerMiniTurretGravdroneAbilityModule;Make_BM_SpacerMinigunCombatModule;Make_BM_SpacerNuclearJumpPackAbilityModule;Make_BM_SpacerNuclearUtilityModule;Make_BM_SpacerOrbitalBombardmentAbilityModule;Make_BM_SpacerOrbitalMechClusterAbilityModule;Make_BM_SpacerOrbitalPowerBeamAbilityModule;Make_BM_SpacerPowerBladeCombatModule;Make_BM_SpacerPowerClawCombatModule;Make_BM_SpacerPowerFangCombatModule;Make_BM_SpacerPowerFistCombatModule;Make_BM_SpacerPowerKickCombatModule;Make_BM_SpacerPowerSawCombatModule;Make_BM_SpacerPowerSlashHornCombatModule;Make_BM_SpacerPowerStrikeHornCombatModule;Make_BM_SpacerPowerslashTailCombatModule;Make_BM_SpacerPowerstrikeTailCombatModule;Make_BM_SpacerPsychiteSynthesizerUtilityModule;Make_BM_SpacerPumpShotgunCombatModule;Make_BM_SpacerPyroprojectorAbilityModule;Make_BM_SpacerPyrostrikeSupportModule;Make_BM_SpacerRadprojectorAbilityModule;Make_BM_SpacerRangerCombatModule;Make_BM_SpacerReprocessorUtilityModule;Make_BM_SpacerRevenantVertebraeAbilityModule;Make_BM_SpacerSilenceUtilityModule;Make_BM_SpacerSmokeLauncherCombatModule;Make_BM_SpacerSmokeTrapDeployerAbilityModule;Make_BM_SpacerSmokeleafSynthesizerUtilityModule;Make_BM_SpacerSniperRifleCombatModule;Make_BM_SpacerTamerWorkModule;Make_BM_SpacerTornadoGeneratorAbilityModule;Make_BM_SpacerToxGrenadeCombatModule;Make_BM_SpacerToxTrapDeployerAbilityModule;Make_BM_SpacerToxbombLauncherCombatModule;Make_BM_SpacerTunenodeUtilityModule;Make_BM_SpacerTurretDeployerAbilityModule;Make_BM_SpacerVacbreathUtilityModule;Make_BM_SpacerVenomFangsCombatModule;Make_BM_SpacerVenomTalonCombatModule;Make_BM_SpacerVenomstrikeSupportModule;Make_BM_SpacerVoicemodUtilityModule;Make_BM_SpacerWakeUpSynthesizerUtilityModule","109","BM_SpacerAestheticUtilityModule;BM_SpacerAirwireUtilityModule;BM_SpacerAlcoholSynthesizerUtilityModule;BM_SpacerAnalyzerWorkModule;BM_SpacerAntigrainTrapDeployerAbilityModule;BM_SpacerAssaultRifleCombatModule;BM_SpacerAtmofilterUtilityModule;BM_SpacerAtomipowerPowerModule;BM_SpacerAutopistolCombatModule;BM_SpacerBiowelderUtilityModule;BM_SpacerBrawlerCombatModule;BM_SpacerCarrierUtilityModule;BM_SpacerChainShotgunCombatModule;BM_SpacerChargeLanceCombatModule;BM_SpacerChargeRifleCombatModule;BM_SpacerChefWorkModule;BM_SpacerChempowerPowerModule;BM_SpacerCoagulatorUtilityModule;BM_SpacerConstructorWorkModule;BM_SpacerCoolerUtilityModule;BM_SpacerCrafterWorkModule;BM_SpacerCryoprojectorAbilityModule;BM_SpacerCryostrikeSupportModule;BM_SpacerDeadlifeTrapDeployerAbilityModule;BM_SpacerDetoxifierUtilityModule;BM_SpacerDevourerUtilityModule;BM_SpacerDoomsdayRocketLauncherCombatModule;BM_SpacerDrillWorkModule;BM_SpacerEMPGrenadeCombatModule;BM_SpacerEMPLauncherCombatModule;BM_SpacerEMPTrapDeployerAbilityModule;BM_SpacerEcholocationUtilityModule;BM_SpacerElbowBladeCombatModule;BM_SpacerExplosiveTrapDeployerAbilityModule;BM_SpacerFertilityAdjusterUtilityModule;BM_SpacerFieldWorkModule;BM_SpacerFirefoamTrapDeployerAbilityModule;BM_SpacerFlashlightUtilityModule;BM_SpacerFragGrenadeCombatModule;BM_SpacerFuelmakerUtilityModule;BM_SpacerGastroanalyzerWorkModule;BM_SpacerGastrosterilizerUtilityModule;BM_SpacerGoJuiceSynthesizerUtilityModule;BM_SpacerHandTalonCombatModule;BM_SpacerHeaterUtilityModule;BM_SpacerHeavySMGCombatModule;BM_SpacerHemofilterUtilityModule;BM_SpacerHemomakerUtilityModule;BM_SpacerHoverUtilityModule;BM_SpacerHunterDroneDeployerAbilityModule;BM_SpacerImmunoenhancerUtilityModule;BM_SpacerIncendiaryLauncherCombatModule;BM_SpacerIncendiaryTrapDeployerAbilityModule;BM_SpacerJumpPackAbilityModule;BM_SpacerKneeSpikeCombatModule;BM_SpacerLMGCombatModule;BM_SpacerLeapAbilityModule;BM_SpacerLowShieldDeployerAbilityModule;BM_SpacerMagprojectorAbilityModule;BM_SpacerMagstrikeSupportModule;BM_SpacerMechanalyzerWorkModule;BM_SpacerMecharrayUtilityModule;BM_SpacerMechsensorWorkModule;BM_SpacerMedicWorkModule;BM_SpacerMedprojectorAbilityModule;BM_SpacerMindreaderWorkModule;BM_SpacerMiniTurretGravdroneAbilityModule;BM_SpacerMinigunCombatModule;BM_SpacerNuclearJumpPackAbilityModule;BM_SpacerNuclearUtilityModule;BM_SpacerOrbitalBombardmentAbilityModule;BM_SpacerOrbitalMechClusterAbilityModule;BM_SpacerOrbitalPowerBeamAbilityModule;BM_SpacerPowerBladeCombatModule;BM_SpacerPowerClawCombatModule;BM_SpacerPowerFangCombatModule;BM_SpacerPowerFistCombatModule;BM_SpacerPowerKickCombatModule;BM_SpacerPowerSawCombatModule;BM_SpacerPowerSlashHornCombatModule;BM_SpacerPowerStrikeHornCombatModule;BM_SpacerPowerslashTailCombatModule;BM_SpacerPowerstrikeTailCombatModule;BM_SpacerPsychiteSynthesizerUtilityModule;BM_SpacerPumpShotgunCombatModule;BM_SpacerPyroprojectorAbilityModule;BM_SpacerPyrostrikeSupportModule;BM_SpacerRadprojectorAbilityModule;BM_SpacerRangerCombatModule;BM_SpacerReprocessorUtilityModule;BM_SpacerRevenantVertebraeAbilityModule;BM_SpacerSilenceUtilityModule;BM_SpacerSmokeLauncherCombatModule;BM_SpacerSmokeTrapDeployerAbilityModule;BM_SpacerSmokeleafSynthesizerUtilityModule;BM_SpacerSniperRifleCombatModule;BM_SpacerTamerWorkModule;BM_SpacerTornadoGeneratorAbilityModule;BM_SpacerToxGrenadeCombatModule;BM_SpacerToxTrapDeployerAbilityModule;BM_SpacerToxbombLauncherCombatModule;BM_SpacerTunenodeUtilityModule;BM_SpacerTurretDeployerAbilityModule;BM_SpacerVacbreathUtilityModule;BM_SpacerVenomFangsCombatModule;BM_SpacerVenomTalonCombatModule;BM_SpacerVenomstrikeSupportModule;BM_SpacerVoicemodUtilityModule;BM_SpacerWakeUpSynthesizerUtilityModule","0","","","0","","1","Bionics"
"ThematicMetadata","OtherRecipe;NonBuildingThing","BM_SpacerBionicImplants_UltratechRepurposing","Ultratech module enhancement","Bionic modularity","MrKociak.YABEMBionicModularity","2400","0","0","","15","0","Assemble_BM_SpacerMonoBladeCombatModule;Assemble_BM_SpacerMonoClawCombatModule;Assemble_BM_SpacerMonoFangCombatModule;Assemble_BM_SpacerMonoSawCombatModule;Assemble_BM_SpacerMonoslashHornCombatModule;Assemble_BM_SpacerPlasmaBladeCombatModule;Assemble_BM_SpacerPlasmaClawCombatModule;Assemble_BM_SpacerPlasmaFangCombatModule;Assemble_BM_SpacerPlasmaSawCombatModule;Assemble_BM_SpacerPlasmaslashHornCombatModule;Assemble_BM_SpacerZeuClawCombatModule;Assemble_BM_SpacerZeusFangCombatModule;Assemble_BM_SpacerZeusfistCombatModule;Assemble_BM_SpacerZeuskickCombatModule;Assemble_BM_SpacerZeustrikeHornCombatModule","15","BM_SpacerMonoBladeCombatModule;BM_SpacerMonoFangCombatModule;BM_SpacerMonoSawCombatModule;BM_SpacerMonoslashHornCombatModule;BM_SpacerMonoslashTailCombatModule;BM_SpacerPlasmaBladeCombatModule;BM_SpacerPlasmaFangCombatModule;BM_SpacerPlasmaSawCombatModule;BM_SpacerPlasmaslashHornCombatModule;BM_SpacerPlasmaslashTailCombatModule;BM_SpacerZeusFangCombatModule;BM_SpacerZeusfistCombatModule;BM_SpacerZeuskickCombatModule;BM_SpacerZeustrikeHornCombatModule;BM_SpacerZeustrikeTailCombatModule","0","","","0","","1","BM_SpacerBionicImplants"
"ThematicMetadata","OtherRecipe;NonBuildingThing","BM_SubpersonaImplants","Auxiliary subpersona chips","Bionic modularity","MrKociak.YABEMBionicModularity","3200","0","0","","14","0","BM_SpacerAssemblerSubpersonaChip_Produce;BM_SpacerBotanistSubpersonaChip_Produce;BM_SpacerBrawlerSubpersonaChip_Produce;BM_SpacerChefSubpersonaChip_Produce;BM_SpacerConstructorSubpersonaChip_Produce;BM_SpacerMechlordSubpersonaChip_Produce;BM_SpacerMinerSubpersonaChip_Produce;BM_SpacerProcessorSubpersonaChip_Produce;BM_SpacerPsywielderSubpersonaChip_Produce;BM_SpacerRangerSubpersonaChip_Produce;BM_SpacerSocialiteSubpersonaChip_Produce;BM_SpacerSurgeonSubpersonaChip_Produce;BM_SpacerVoidreaderSubpersonaChip_Produce;BM_SpacerZoologistSubpersonaChip_Produce","14","BM_SpacerAssemblerSubpersonaChip;BM_SpacerBotanistSubpersonaChip;BM_SpacerBrawlerSubpersonaChip;BM_SpacerChefSubpersonaChip;BM_SpacerConstructorSubpersonaChip;BM_SpacerMechlordSubpersonaChip;BM_SpacerMinerSubpersonaChip;BM_SpacerProcessorSubpersonaChip;BM_SpacerPsywielderSubpersonaChip;BM_SpacerRangerSubpersonaChip;BM_SpacerSocialiteSubpersonaChip;BM_SpacerSurgeonSubpersonaChip;BM_SpacerVoidreaderSubpersonaChip;BM_SpacerZoologistSubpersonaChip","0","","","0","","1","StandardMechtech"
"ThematicMetadata","SurgeryRecipe;OtherRecipe;NonBuildingThing","BM_SpacerBionicImplants_AnimalModuleInstallation","Animal bionic modules","Bionic modularity - animals","MrKociak.YABEMBionicModularityAnimals","950","0","0","","170","154","Assemble_BM_SpacerMonoClawCombatModule;Assemble_BM_SpacerPlasmaClawCombatModule;Assemble_BM_SpacerZeuClawCombatModule;BM_SpacerAlcoholSynthesizerUtilityModule_InstallAnimal;BM_SpacerAlcoholSynthesizerUtilityModule_InstallAnimal_Implant;BM_SpacerAntigrainTrapDeployerAbilityModule_InstallAnimal;BM_SpacerAssaultRifleCombatModule_InstallAnimal;BM_SpacerAtmofilterUtilityModule_InstallAnimal;BM_SpacerAtmofilterUtilityModule_InstallAnimal_Implant;BM_SpacerAtomipowerPowerModule_InstallAnimal_Implant;BM_SpacerAutopistolCombatModule_InstallAnimal;BM_SpacerBiowelderUtilityModule_InstallAnimal;BM_SpacerBiowelderUtilityModule_InstallAnimal_Implant;BM_SpacerBrawlerCombatModule_InstallAnimal;BM_SpacerBrawlerCombatModule_InstallAnimal_Implant;BM_SpacerCarrierUtilityModule_InstallAnimal;BM_SpacerChainShotgunCombatModule_InstallAnimal;BM_SpacerChargeLanceCombatModule_InstallAnimal;BM_SpacerChargeRifleCombatModule_InstallAnimal;BM_SpacerChempowerPowerModule_InstallAnimal_Implant;BM_SpacerCoagulatorUtilityModule_InstallAnimal;BM_SpacerCoagulatorUtilityModule_InstallAnimal_Implant;BM_SpacerCoolerUtilityModule_InstallAnimal;BM_SpacerCoolerUtilityModule_InstallAnimal_Implant;BM_SpacerCryoprojectorAbilityModule_InstallAnimal;BM_SpacerCryostrikeSupportModule_InstallAnimal;BM_SpacerCryoweaveSupportModule_InstallAnimal;BM_SpacerDeadlifeBurstAbilityModule_InstallAnimal;BM_SpacerDeadlifeSpewerAbilityModule_InstallAnimal;BM_SpacerDeadlifeSpewerAbilityModule_InstallAnimal_Implant;BM_SpacerDeadlifeTrapDeployerAbilityModule_InstallAnimal;BM_SpacerDetoxifierUtilityModule_InstallAnimal;BM_SpacerDetoxifierUtilityModule_InstallAnimal_Implant;BM_SpacerDevourerUtilityModule_InstallAnimal;BM_SpacerDevourerUtilityModule_InstallAnimal_Implant;BM_SpacerDisruptorFlareAbilityModule_InstallAnimal;BM_SpacerDoomsdayRocketLauncherCombatModule_InstallAnimal;BM_SpacerEMPBurstAbilityModule_InstallAnimal;BM_SpacerEMPLauncherCombatModule_InstallAnimal;BM_SpacerEMPTrapDeployerAbilityModule_InstallAnimal;BM_SpacerEcholocationUtilityModule_InstallAnimal;BM_SpacerEcholocationUtilityModule_InstallAnimal_Implant;BM_SpacerExplosiveTrapDeployerAbilityModule_InstallAnimal;BM_SpacerFertilityAdjusterUtilityModule_InstallAnimal;BM_SpacerFertilityAdjusterUtilityModule_InstallAnimal_Implant;BM_SpacerFirefoamBurstAbilityModule_InstallAnimal;BM_SpacerFirefoamTrapDeployerAbilityModule_InstallAnimal;BM_SpacerFlashlightUtilityModule_InstallAnimal;BM_SpacerFlashlightUtilityModule_InstallAnimal_Implant;BM_SpacerFluImmunizerSupportModule_InstallAnimal;BM_SpacerFluImmunizerSupportModule_InstallAnimal_Implant;BM_SpacerFuelmakerUtilityModule_InstallAnimal;BM_SpacerFuelmakerUtilityModule_InstallAnimal_Implant;BM_SpacerGastrosterilizerUtilityModule_InstallAnimal;BM_SpacerGastrosterilizerUtilityModule_InstallAnimal_Implant;BM_SpacerGoJuiceSynthesizerUtilityModule_InstallAnimal;BM_SpacerGoJuiceSynthesizerUtilityModule_InstallAnimal_Implant;BM_SpacerGutWormsImmunizerSupportModule_InstallAnimal;BM_SpacerGutWormsImmunizerSupportModule_InstallAnimal_Implant;BM_SpacerHeaterUtilityModule_InstallAnimal;BM_SpacerHeaterUtilityModule_InstallAnimal_Implant;BM_SpacerHeavySMGCombatModule_InstallAnimal;BM_SpacerHemofilterUtilityModule_InstallAnimal;BM_SpacerHemofilterUtilityModule_InstallAnimal_Implant;BM_SpacerHighExplosiveBurstAbilityModule_InstallAnimal;BM_SpacerHoverUtilityModule_InstallAnimal;BM_SpacerHunterDroneDeployerAbilityModule_InstallAnimal;BM_SpacerImmunoenhancerUtilityModule_InstallAnimal;BM_SpacerImmunoenhancerUtilityModule_InstallAnimal_Implant;BM_SpacerIncendiaryBurstAbilityModule_InstallAnimal;BM_SpacerIncendiaryLauncherCombatModule_InstallAnimal;BM_SpacerIncendiaryTrapDeployerAbilityModule_InstallAnimal;BM_SpacerLMGCombatModule_InstallAnimal;BM_SpacerLeathermakerUtilityModule_InstallAnimal;BM_SpacerLeathermakerUtilityModule_InstallAnimal_Implant;BM_SpacerLowShieldDeployerAbilityModule_InstallAnimal;BM_SpacerLungRotImmunizerSupportModule_InstallAnimal;BM_SpacerLungRotImmunizerSupportModule_InstallAnimal_Implant;BM_SpacerMagprojectorAbilityModule_InstallAnimal;BM_SpacerMagstrikeSupportModule_InstallAnimal;BM_SpacerMagweaveSupportModule_InstallAnimal;BM_SpacerMalariaImmunizerSupportModule_InstallAnimal;BM_SpacerMalariaImmunizerSupportModule_InstallAnimal_Implant;BM_SpacerMeatmakerUtilityModule_InstallAnimal;BM_SpacerMeatmakerUtilityModule_InstallAnimal_Implant;BM_SpacerMedprojectorAbilityModule_InstallAnimal;BM_SpacerMinigunCombatModule_InstallAnimal;BM_SpacerMonoFangCombatModule_InstallAnimal;BM_SpacerMonoFangCombatModule_InstallAnimal_Implant;BM_SpacerMonoslashHornCombatModule_InstallAnimal;BM_SpacerMonoslashHornCombatModule_InstallAnimal_Implant;BM_SpacerMonoslashTailCombatModule_InstallAnimal;BM_SpacerMuscleParasitesImmunizerSupportModule_InstallAnimal;BM_SpacerMuscleParasitesImmunizerSupportModule_InstallAnimal_Implant;BM_SpacerNuclearUtilityModule_InstallAnimal;BM_SpacerNuclearUtilityModule_InstallAnimal_Implant;BM_SpacerOrbitalBombardmentAbilityModule_InstallAnimal;BM_SpacerOrbitalMechClusterAbilityModule_InstallAnimal;BM_SpacerOrbitalPowerBeamAbilityModule_InstallAnimal;BM_SpacerOverdoseImmunizerSupportModule_InstallAnimal;BM_SpacerOverdoseImmunizerSupportModule_InstallAnimal_Implant;BM_SpacerPlagueImmunizerSupportModule_InstallAnimal;BM_SpacerPlagueImmunizerSupportModule_InstallAnimal_Implant;BM_SpacerPlasmaFangCombatModule_InstallAnimal;BM_SpacerPlasmaFangCombatModule_InstallAnimal_Implant;BM_SpacerPlasmaslashHornCombatModule_InstallAnimal;BM_SpacerPlasmaslashHornCombatModule_InstallAnimal_Implant;BM_SpacerPlasmaslashTailCombatModule_InstallAnimal;BM_SpacerPowerFangCombatModule_InstallAnimal;BM_SpacerPowerFangCombatModule_InstallAnimal_Implant;BM_SpacerPowerSlashHornCombatModule_InstallAnimal;BM_SpacerPowerSlashHornCombatModule_InstallAnimal_Implant;BM_SpacerPowerStrikeHornCombatModule_InstallAnimal;BM_SpacerPowerStrikeHornCombatModule_InstallAnimal_Implant;BM_SpacerPowerslashTailCombatModule_InstallAnimal;BM_SpacerPowerstrikeTailCombatModule_InstallAnimal;BM_SpacerPsychiteSynthesizerUtilityModule_InstallAnimal;BM_SpacerPsychiteSynthesizerUtilityModule_InstallAnimal_Implant;BM_SpacerPumpShotgunCombatModule_InstallAnimal;BM_SpacerPyroprojectorAbilityModule_InstallAnimal;BM_SpacerPyrostrikeSupportModule_InstallAnimal;BM_SpacerPyroweaveSupportModule_InstallAnimal;BM_SpacerRadprojectorAbilityModule_InstallAnimal;BM_SpacerRangerCombatModule_InstallAnimal;BM_SpacerRangerCombatModule_InstallAnimal_Implant;BM_SpacerReprocessorUtilityModule_InstallAnimal;BM_SpacerReprocessorUtilityModule_InstallAnimal_Implant;BM_SpacerResurrectorSupportModule_InstallAnimal;BM_SpacerResurrectorSupportModule_InstallAnimal_Implant;BM_SpacerRevenantVertebraeAbilityModule_InstallAnimal;BM_SpacerScariaImmunizerSupportModule_InstallAnimal;BM_SpacerScariaImmunizerSupportModule_InstallAnimal_Implant;BM_SpacerSleepingSicknessImmunizerSupportModule_InstallAnimal;BM_SpacerSleepingSicknessImmunizerSupportModule_InstallAnimal_Implant;BM_SpacerSmokeBurstAbilityModule_InstallAnimal;BM_SpacerSmokeLauncherCombatModule_InstallAnimal;BM_SpacerSmokeSpewerAbilityModule_InstallAnimal;BM_SpacerSmokeSpewerAbilityModule_InstallAnimal_Implant;BM_SpacerSmokeTrapDeployerAbilityModule_InstallAnimal;BM_SpacerSmokeleafSynthesizerUtilityModule_InstallAnimal;BM_SpacerSmokeleafSynthesizerUtilityModule_InstallAnimal_Implant;BM_SpacerSniperRifleCombatModule_InstallAnimal;BM_SpacerTornadoGeneratorAbilityModule_InstallAnimal;BM_SpacerToxBurstAbilityModule_InstallAnimal;BM_SpacerToxSpewerAbilityModule_InstallAnimal;BM_SpacerToxSpewerAbilityModule_InstallAnimal_Implant;BM_SpacerToxTrapDeployerAbilityModule_InstallAnimal;BM_SpacerToxbombLauncherCombatModule_InstallAnimal;BM_SpacerToxweaveSupportModule_InstallAnimal;BM_SpacerTunenodeUtilityModule_InstallAnimal;BM_SpacerTunenodeUtilityModule_InstallAnimal_Implant;BM_SpacerTurretDeployerAbilityModule_InstallAnimal;BM_SpacerVacbreathUtilityModule_InstallAnimal;BM_SpacerVacbreathUtilityModule_InstallAnimal_Implant;BM_SpacerVenomFangsCombatModule_InstallAnimal;BM_SpacerVenomFangsCombatModule_InstallAnimal_Implant;BM_SpacerVenomstrikeSupportModule_InstallAnimal;BM_SpacerWakeUpSynthesizerUtilityModule_InstallAnimal;BM_SpacerWakeUpSynthesizerUtilityModule_InstallAnimal_Implant;BM_SpacerZeusFangCombatModule_InstallAnimal;BM_SpacerZeusFangCombatModule_InstallAnimal_Implant;BM_SpacerZeustrikeHornCombatModule_InstallAnimal;BM_SpacerZeustrikeHornCombatModule_InstallAnimal_Implant;BM_SpacerZeustrikeTailCombatModule_InstallAnimal;Make_BM_SpacerCryostrikeSupportModule;Make_BM_SpacerMagstrikeSupportModule;Make_BM_SpacerPowerslashTailCombatModule;Make_BM_SpacerPowerstrikeTailCombatModule;Make_BM_SpacerPyrostrikeSupportModule;Make_BM_SpacerVenomstrikeSupportModule","9","BM_SpacerCryostrikeSupportModule;BM_SpacerMagstrikeSupportModule;BM_SpacerMonoslashTailCombatModule;BM_SpacerPlasmaslashTailCombatModule;BM_SpacerPowerslashTailCombatModule;BM_SpacerPowerstrikeTailCombatModule;BM_SpacerPyrostrikeSupportModule;BM_SpacerVenomstrikeSupportModule;BM_SpacerZeustrikeTailCombatModule","0","","","0","","1","BM_SpacerBionicImplants"
"ThematicMetadata","OtherRecipe;NonBuildingThing","VFEC_BronzeWorking","Republic bronze working","Vanilla Factions Expanded - Classical","OskarPotocki.VFE.Classical","1500","0","0","","1","0","VFEC_Make_Bronze","1","VFEC_Bronze","0","","","0","","0",""
"ThematicMetadata","OtherRecipe;NonBuildingThing","VFEC_CenturionArmor","Republic centurion armor","Vanilla Factions Expanded - Classical","OskarPotocki.VFE.Classical","1500","0","0","","2","0","Make_VFEC_Apparel_CenturionArmor;Make_VFEC_Apparel_CenturionHelmet","2","VFEC_Apparel_CenturionArmor;VFEC_Apparel_CenturionHelmet","0","","","0","","1","Smithing"
"ThematicMetadata","OtherRecipe;NonBuildingThing","VFEC_HeavyShieldMaking","Republic heavy shields","Vanilla Factions Expanded - Classical","OskarPotocki.VFE.Classical","1500","0","0","","1","0","Make_VFEC_Shield_Heavy","1","VFEC_Shield_Heavy","0","","","0","","1","Smithing"
"ThematicMetadata","OtherRecipe;NonBuildingThing","VFEC_LegionnaireArmor","Republic legionary armor","Vanilla Factions Expanded - Classical","OskarPotocki.VFE.Classical","1500","0","0","","2","0","Make_VFEC_Apparel_LegionnaireArmor;Make_VFEC_Apparel_LegionnaireHelmet","2","VFEC_Apparel_LegionnaireArmor;VFEC_Apparel_LegionnaireHelmet","0","","","0","","1","Smithing"
"ThematicMetadata","Terrain","VFEC_Mosaics","Republic mosaics","Vanilla Factions Expanded - Classical","OskarPotocki.VFE.Classical","1500","0","15","EM_VFEC_MosaicsBasalt;EM_VFEC_MosaicsSchist;EM_VFEC_MosaicsShale;EM_VFEC_MosaicsSiltstone;TMM_VFEC_MosaicsCragstone;TMM_VFEC_MosaicsMudstone;TMM_VFEC_MosaicsOnyxglass;TMM_VFEC_MosaicsPristineLimestone;TMM_VFEC_MosaicsRoseQuartz;TMM_VFEC_MosaicsVacstone;VFEC_MosaicsGranite;VFEC_MosaicsLimestone;VFEC_MosaicsMarble;VFEC_MosaicsSandstone;VFEC_MosaicsSlate","0","0","","0","","0","","","0","","1","Stonecutting"
"GenericFallbackOnly","","VFEC_RoadBuilding","Republic roadshaping","Vanilla Factions Expanded - Classical","OskarPotocki.VFE.Classical","1500","0","0","","0","0","","0","","0","","","0","","0",""
"ThematicMetadata","OtherRecipe;NonBuildingThing","VFEC_Togas","Republic togas","Vanilla Factions Expanded - Classical","OskarPotocki.VFE.Classical","1500","0","0","","3","0","Make_RBME_Chiton;Make_VFEC_Toga;Make_VFEC_Wreath","3","RBME_Chiton;VFEC_Toga;VFEC_Wreath","0","","","0","","1","VFET_Tribalwear"
"ThematicMetadata","OtherRecipe;NonBuildingThing;Techprint","VFED_ImperialWarSolutions","Imperial war solutions","Vanilla Factions Expanded - Deserters","OskarPotocki.VFE.Deserters","2500","0","0","","3","0","Make_VFED_Shell_ArmorPiercing;Make_VFED_Shell_Cluster;Make_VFED_Shell_Shrapnel","3","VFED_Shell_ArmorPiercing;VFED_Shell_Cluster;VFED_Shell_Shrapnel","0","","Techprint_VFED_ImperialWarSolutions","0","","1","Fabrication"
"ThematicMetadata","OtherRecipe;NonBuildingThing","VFEE_JanissaryGear","Janissary gear","Vanilla Factions Expanded - Empire","OskarPotocki.VFE.Empire","3000","0","0","","2","0","Make_VFEE_Apparel_JanissaryCuirass;Make_VFEE_Apparel_JanissaryHelmet","2","VFEE_Apparel_JanissaryCuirass;VFEE_Apparel_JanissaryHelmet","0","","","0","","1","ReconArmor"
"ThematicMetadata","NonBuildingThing","VFEP_AdvancedWarcaskets","Advanced warcaskets","Vanilla Factions Expanded - Pirates","OskarPotocki.VFE.Pirates","4000","0","0","","0","0","","9","VFEP_WarcasketHelmet_Cataphract;VFEP_WarcasketHelmet_Marine;VFEP_WarcasketHelmet_Recon;VFEP_WarcasketShoulders_Cataphract;VFEP_WarcasketShoulders_Marine;VFEP_WarcasketShoulders_Recon;VFEP_Warcasket_Cataphract;VFEP_Warcasket_Marine;VFEP_Warcasket_Recon","0","","","0","","1","VFEP_Warcaskets"
"ThematicMetadata","NonBuildingThing","VFEP_SpacerWarcaskets","Spacer warcaskets","Vanilla Factions Expanded - Pirates","OskarPotocki.VFE.Pirates","6000","0","0","","0","0","","22","VFEP_WarcasketHelmet_Brute;VFEP_WarcasketHelmet_Controller;VFEP_WarcasketHelmet_Guardian;VFEP_WarcasketHelmet_Sarcophagus;VFEP_WarcasketHelmet_Siegebreaker;VFEP_WarcasketShoulders_Brute;VFEP_WarcasketShoulders_Controller;VFEP_WarcasketShoulders_Guardian;VFEP_WarcasketShoulders_Sarcophagus;VFEP_WarcasketShoulders_Siegebreaker;VFEP_Warcasket_Brute;VFEP_Warcasket_Controller;VFEP_Warcasket_Guardian;VFEP_Warcasket_Helmet_MechController;VFEP_Warcasket_MechController;VFEP_Warcasket_Sarcophagus;VFEP_Warcasket_Shoulders_MechController;VFEP_Warcasket_Siegebreaker;dvd_WarcasketHelmet_Eventide;dvd_WarcasketShoulders_Eventide;dvd_Warcasket_Eventide;dvd_Warcasket_Sovereign","0","","","0","","1","VFEP_SpecialisedWarcaskets"
"ThematicMetadata","NonBuildingThing","VFEP_SpecialisedWarcaskets","Specialised warcaskets","Vanilla Factions Expanded - Pirates","OskarPotocki.VFE.Pirates","5000","0","0","","0","0","","12","VFEP_WarcasketHelmet_Aerial;VFEP_WarcasketHelmet_Barrage;VFEP_WarcasketHelmet_Hazard;VFEP_WarcasketHelmet_Shock;VFEP_WarcasketShoulders_Aerial;VFEP_WarcasketShoulders_Barrage;VFEP_WarcasketShoulders_Hazard;VFEP_WarcasketShoulders_Shock;VFEP_Warcasket_Aerial;VFEP_Warcasket_Barrage;VFEP_Warcasket_Hazard;VFEP_Warcasket_Shock","0","","","0","","1","VFEP_AdvancedWarcaskets"
"ThematicMetadata","OtherRecipe;NonBuildingThing","VFEP_SweatFermentation","Rumsuit","Vanilla Factions Expanded - Pirates","OskarPotocki.VFE.Pirates","1000","0","0","","1","0","Make_VFEP_Apparel_Rumsuit","1","VFEP_Apparel_Rumsuit","0","","","0","","2","DrugProduction;NutrientPaste"
"GenericFallbackOnly","","VFEP_WarcasketRemoval","Warcasket removal","Vanilla Factions Expanded - Pirates","OskarPotocki.VFE.Pirates","6000","0","0","","0","0","","0","","0","","","0","","1","VFEP_SpecialisedWarcaskets"
"ThematicMetadata","OtherRecipe;NonBuildingThing","VFET_Bow","Bow","Vanilla Factions Expanded - Tribals","OskarPotocki.VFE.Tribals","70","0","0","","2","0","MA_Make_VerdantBow;Make_Bow_Short","2","Bow_Short;MA_VerdantBow","0","","","0","","1","VFET_Weapons"
"ThematicMetadata","OtherRecipe;NonBuildingThing","VFET_Tribalwear","Tribalwear","Vanilla Factions Expanded - Tribals","OskarPotocki.VFE.Tribals","50","0","0","","23","0","Make_Apparel_KidTribal;Make_Apparel_Shadecone;Make_Apparel_TribalA;Make_Apparel_TribalHeaddress;Make_Apparel_WarMask;Make_Apparel_WarVeil;Make_Patchleather;Make_RBME_Cowbell;Make_RBSFE_Faecap;Make_RBSFE_Faecrown;Make_RBSFE_Faerose;Make_RBSFE_Faescarf;Make_River_Tribal_moccasins;Make_River_Tribal_mukluks;Make_River_Tribal_sandals;Make_VAE_Apparel_PeltCoat;Make_VAE_Apparel_TribalKilt;Make_VAE_Apparel_TribalPoncho;Make_VAE_Apparel_WoodenArmor;Make_VAE_Headgear_StoneWarMask;Make_VFET_Apparel_TribalHeavy;Make_VFET_Apparel_TribalLight;Make_VFET_Apparel_TribalWar","24","Apparel_BabyTribal;Apparel_KidTribal;Apparel_Shadecone;Apparel_TribalA;Apparel_TribalHeaddress;Apparel_WarMask;Apparel_WarVeil;Leather_Patch;RBME_Cowbell;RBSFE_Faecap;RBSFE_Faecrown;RBSFE_Faerose;RBSFE_Faescarf;River_Tribal_moccasins;River_Tribal_mukluks;River_Tribal_sandals;VAE_Apparel_PeltCoat;VAE_Apparel_TribalKilt;VAE_Apparel_TribalPoncho;VAE_Apparel_WoodenArmor;VAE_Headgear_StoneWarMask;VFET_Apparel_TribalHeavy;VFET_Apparel_TribalLight;VFET_Apparel_TribalWar","0","","","0","","1","VFET_Fire"
"ThematicMetadata","OtherRecipe;NonBuildingThing","VFET_Weapons","Weapons","Vanilla Factions Expanded - Tribals","OskarPotocki.VFE.Tribals","50","0","0","","18","0","Make_DA_MeleeWeapon_Broom;Make_MA_ClawSaber;Make_MA_DuskSpear;Make_MA_GnautHornMace;Make_MA_MegaboneClub;Make_MA_Rhinhammer;Make_MA_ScarodonFangDagger;Make_MeleeWeapon_Club;Make_MeleeWeapon_Knife;Make_VFET_Stake;Make_VWE_MeleeWeapon_Axe;Make_VWE_MeleeWeapon_HeavyClub;Make_VWE_MeleeWeapon_LightClub;Make_VWE_MeleeWeapon_Shiv;Make_VWE_MeleeWeapon_TribalAxe;Make_VWE_Sling;Make_VWE_Throwing_Shards;Make_VWE_Weapon_FireBomb","19","DA_MeleeWeapon_Broom;MA_ClawSaber;MA_DuskSpear;MA_GnautHornMace;MA_MegaboneClub;MA_Rhinhammer;MA_ScarodonFangDagger;MeleeWeapon_Club;MeleeWeapon_Knife;RBME_Sling;VFET_Stake;VWE_MeleeWeapon_Axe;VWE_MeleeWeapon_HeavyClub;VWE_MeleeWeapon_LightClub;VWE_MeleeWeapon_Shiv;VWE_MeleeWeapon_TribalAxe;VWE_Sling;VWE_Throwing_Shards;VWE_Weapon_FireBomb","0","","","0","","1","VFET_Hunting"
"ThematicMetadata","Techprint","AdjusterBasics","Regional adjuster construction fundamentals","Reverse Engineered Region Adjusters","Pal5k.ReverseEngineeredRegionAdjusters","5600","0","0","","0","0","","0","","0","","Techprint_AdjusterBasics","0","","1","AdvancedFabrication"
"ThematicMetadata","OtherRecipe;NonBuildingThing","MP_AdvCashCrops","Addictol","Medicines+","Papito.MedicinesPlus.AT","750","0","0","","2","0","Make_MP_Addictol;Make_MP_AddictolBulk","1","MP_Addictol","0","","","0","","2","MP_BasicCashCrops;MP_CrimsonBulbRefinement"
"ThematicMetadata","OtherRecipe;NonBuildingThing","MP_AdvUtilityMedicine","Aniracetam","Medicines+","Papito.MedicinesPlus.AT","750","0","0","","1","0","Make_Aniracetam","1","Aniracetam","0","","","0","","2","MP_BasicUtilityMedicine;MP_CrimsonBulbRefinement"
"ThematicMetadata","OtherRecipe;NonBuildingThing","MP_BaseResearch","Cyanide","Medicines+","Papito.MedicinesPlus.AT","300","0","0","","2","0","Make_Cyanide;Make_CyanideBulk","1","Cyanide","0","","","0","","1","DrugProduction"
"ThematicMetadata","OtherRecipe;NonBuildingThing","MP_BasicCashCrops","Upper","Medicines+","Papito.MedicinesPlus.AT","500","0","0","","2","0","Make_Upper;Make_UpperBulk","1","Upper","0","","","0","","1","MP_BaseResearch"
"ThematicMetadata","OtherRecipe;NonBuildingThing","MP_BasicUtilityMedicine","Antitox","Medicines+","Papito.MedicinesPlus.AT","500","0","0","","2","0","Make_AntiTox;Make_AntiToxBulk","1","AntiTox","0","","","0","","1","MP_BaseResearch"
"ThematicMetadata","OtherRecipe;NonBuildingThing","MP_CrimsonBulbRefinement","Hydra","Medicines+","Papito.MedicinesPlus.AT","800","0","0","","2","0","Make_Hydra;Make_HydraBulk","1","Hydra","0","","","0","","1","MP_BaseResearch"
"GenericFallbackOnly","","RS_DarkArchiteHarvesting","Dark archite harvesting","ReSplice: Core","ReSplice.XOTR.Core","0","0","0","","0","0","","0","","0","","","0","","1","AdvancedPsychicRituals"
"ThematicMetadata","OtherRecipe;NonBuildingThing","TSF_AshigaruArmor","Ashigaru armor","T's Samurai Faction","Trickity.Samurai.Faction","300","0","0","","2","0","Make_TSFApparel_AshigaruArmor;Make_TSFApparel_AshigaruHelmet","2","TSFApparel_AshigaruArmor;TSFApparel_AshigaruHelmet","0","","","0","","2","Smithing;TSF_Bushido_Code"
"ThematicMetadata","OtherRecipe;NonBuildingThing","TSF_BlackPowder","Black powder","T's Samurai Faction","Trickity.Samurai.Faction","600","0","0","","1","0","Make_TSFApparel_SmokeBomb","1","TSFApparel_SmokeBomb","0","","","0","","1","TSF_Bushido_Code"
"ThematicMetadata","NonBuildingThing","TSF_CherryBlossomSowing","Cherry blossom sowing","T's Samurai Faction","Trickity.Samurai.Faction","200","0","0","","0","0","","1","TSFPlant_TreeBlossom","0","","","0","","2","TSF_Bushido_Code;TreeSowing"
"ThematicMetadata","OtherRecipe;NonBuildingThing","TSF_Hand_Mortar","Hand mortar","T's Samurai Faction","Trickity.Samurai.Faction","800","0","0","","1","0","Make_TSF_Hand_Mortar","1","TSF_Hand_Mortar","0","","","0","","1","TSF_BlackPowder"
"ThematicMetadata","OtherRecipe;NonBuildingThing","TSF_Katana","Katana","T's Samurai Faction","Trickity.Samurai.Faction","500","0","0","","2","0","Make_TSF_Katana;Make_TSF_Odachi","2","TSF_Katana;TSF_Odachi","0","","","0","","1","TSF_Naginata"
"ThematicMetadata","OtherRecipe;NonBuildingThing","TSF_Matchlock","Matchlock","T's Samurai Faction","Trickity.Samurai.Faction","1000","0","0","","2","0","Make_TSF_Tanegashima_Matchlock;Make_TSF_Tanegashima_Short","2","TSF_Tanegashima_Matchlock;TSF_Tanegashima_Short","0","","","0","","1","TSF_BlackPowder"
"ThematicMetadata","OtherRecipe;NonBuildingThing","TSF_Naginata","Advanced polearms","T's Samurai Faction","Trickity.Samurai.Faction","400","0","0","","2","0","Make_TSF_Naginata;Make_TSF_OmiYari","2","TSF_Naginata;TSF_OmiYari","0","","","0","","2","Smithing;TSF_Bushido_Code"
"ThematicMetadata","OtherRecipe;NonBuildingThing","TSF_NinjaGear","Ninja gear","T's Samurai Faction","Trickity.Samurai.Faction","300","0","0","","3","0","Make_TSFApparel_NinjaMask;Make_TSFApparel_NinjaTools;Make_TSF_Shuriken","3","TSFApparel_NinjaMask;TSFApparel_NinjaTools;TSF_Shuriken","0","","","0","","1","TSF_Bushido_Code"
"ThematicMetadata","OtherRecipe;NonBuildingThing","TSF_OniGear","Oni gear","T's Samurai Faction","Trickity.Samurai.Faction","2500","0","0","","4","0","Make_TSFApparel_OniArmor;Make_TSFApparel_OniHelmet;Make_TSF_OniCannon;Make_TSF_OniKanabo","4","TSFApparel_OniArmor;TSFApparel_OniHelmet;TSF_OniCannon;TSF_OniKanabo","0","","","0","","2","ChargedShot;ReconArmor"
"ThematicMetadata","OtherRecipe;NonBuildingThing","TSF_SamuraiArmor","Samurai armor","T's Samurai Faction","Trickity.Samurai.Faction","600","0","0","","4","0","Make_TSFApparel_DaimyoArmor;Make_TSFApparel_DaimyoHelmet;Make_TSFApparel_SamuraiArmor;Make_TSFApparel_SamuraiHelmet","4","TSFApparel_DaimyoArmor;TSFApparel_DaimyoHelmet;TSFApparel_SamuraiArmor;TSFApparel_SamuraiHelmet","0","","","0","","1","TSF_AshigaruArmor"
"ThematicMetadata","OtherRecipe;NonBuildingThing","TSF_Yumi","Yumi","T's Samurai Faction","Trickity.Samurai.Faction","500","0","0","","1","0","Make_TSF_Yumi","1","TSF_Yumi","0","","","0","","2","RecurveBow;TSF_Bushido_Code"
"ThematicMetadata","OtherRecipe;NonBuildingThing","T_DisruptorTorch","Disruptor torch","T's Seal the Spirits : Tribal Anomaly","Trickity.Seal.Spirits","0","0","0","","1","0","Make_T_Apparel_DisruptorTorch","1","T_Apparel_DisruptorTorch","0","","","0","","2","T_BioferriteRend;T_SealingPlatform"
"ThematicMetadata","OtherRecipe;NonBuildingThing","USH_CombatSkilltrainersRes","Combat skilltrainers","Ushankas Glittertech Expansion","Ushanka.GlittertechExpansion","4500","0","0","","2","0","USH_Make_Neurotrainer_Melee;USH_Make_Neurotrainer_Shooting","2","Neurotrainer_Melee;Neurotrainer_Shooting","0","","","0","","1","USH_DeepMindScanningRes"
"ThematicMetadata","OtherRecipe;NonBuildingThing","USH_EngineeringSkilltrainersRes","Engineering skilltrainers","Ushankas Glittertech Expansion","Ushanka.GlittertechExpansion","4000","0","0","","3","0","USH_Make_Neurotrainer_Construction;USH_Make_Neurotrainer_Crafting;USH_Make_Neurotrainer_Mining","3","Neurotrainer_Construction;Neurotrainer_Crafting;Neurotrainer_Mining","0","","","0","","1","USH_DeepMindScanningRes"
"ThematicMetadata","OtherRecipe;NonBuildingThing","USH_GlittertechAlchemyRes","Glitterworld alchemy","Ushankas Glittertech Expansion","Ushanka.GlittertechExpansion","2500","0","0","","7","0","USH_FormPhilosophersStone_Bulk;USH_FormPlasteel;USH_FormPlasteelBulk;USH_TurnGoldToJade;USH_TurnGoldToJadeBulk;USH_TurnSteelToGold;USH_TurnSteelToGoldBulk","4","Gold;Jade;Plasteel;USH_PhilosophersStone","0","","","0","","1","USH_GlittertechUtilitiesRes"
"ThematicMetadata","OtherRecipe;NonBuildingThing","USH_IntellectualSkilltrainersRes","Intellectual skilltrainers","Ushankas Glittertech Expansion","Ushanka.GlittertechExpansion","4000","0","0","","4","0","USH_Make_Neurotrainer_Artistic;USH_Make_Neurotrainer_Intellectual;USH_Make_Neurotrainer_Medicine;USH_Make_Neurotrainer_Social","4","Neurotrainer_Artistic;Neurotrainer_Intellectual;Neurotrainer_Medicine;Neurotrainer_Social","0","","","0","","1","USH_DeepMindScanningRes"
"ThematicMetadata","OtherRecipe;NonBuildingThing","USH_OverclockRes","Firearms overclocking","Ushankas Glittertech Expansion","Ushanka.GlittertechExpansion","5000","0","0","","6","0","USH_FormUpgradeArmor;USH_FormUpgradeDamage;USH_FormUpgradeRange;USH_FormUpgradeSpeed;USH_FormUpgradeStability;USH_OverclockGun","5","USH_UpgradeArmor;USH_UpgradeDamage;USH_UpgradeRange;USH_UpgradeSpeed;USH_UpgradeStability","0","","","0","","1","USH_NeuromodifiersBasicsRes"
"ThematicMetadata","OtherRecipe;NonBuildingThing","USH_SurvivalSkilltrainersRes","Survival skilltrainers","Ushankas Glittertech Expansion","Ushanka.GlittertechExpansion","3500","0","0","","3","0","USH_Make_Neurotrainer_Animals;USH_Make_Neurotrainer_Cooking;USH_Make_Neurotrainer_Plants","3","Neurotrainer_Animals;Neurotrainer_Cooking;Neurotrainer_Plants","0","","","0","","1","USH_DeepMindScanningRes"
"ThematicMetadata","OtherRecipe;NonBuildingThing","USH_TeethRes","Teeth replacements","Ushankas Glittertech Expansion","Ushanka.GlittertechExpansion","2500","0","0","","2","0","Make_USH_GoldenTeethReplacement;Make_USH_PlasteelTeethReplacement","2","USH_GoldenTeethReplacement;USH_PlasteelTeethReplacement","0","","","0","","2","Bionics;USH_NeuromodifiersBasicsRes"
"ThematicMetadata","OtherRecipe;NonBuildingThing","USH_AdvancedCybertech","Advanced cybertech","Ushankas Hacking Expansion","Ushanka.HackingExpansion","2000","0","0","","5","0","Make_USH_AdvancedCyberlink;Make_USH_AdvancedJammerKit;Make_USH_AdvancedOptimizationModule;Make_USH_AdvancedRemoteAccessPort;Make_USH_ICEBreaker","5","USH_AdvancedCyberlink;USH_AdvancedJammerKit;USH_AdvancedOptimizationModule;USH_AdvancedRemoteAccessPort;USH_ICEBreaker","0","","","0","","1","USH_CybertechMachinery"
"ThematicMetadata","OtherRecipe;NonBuildingThing","USH_BasicCybertech","Basic cybertech","Ushankas Hacking Expansion","Ushanka.HackingExpansion","800","0","0","","4","0","Make_USH_Cyberlink;Make_USH_JammerKit;Make_USH_OptimizationModule;Make_USH_RemoteAccessPort","4","USH_Cyberlink;USH_JammerKit;USH_OptimizationModule;USH_RemoteAccessPort","0","","","0","","1","Machining"
"ThematicMetadata","OtherRecipe;NonBuildingThing","USH_ExecData","Executables","Ushankas Hacking Expansion","Ushanka.HackingExpansion","2000","0","0","","8","0","Make_USH_ExecDataCase;Make_USH_ExecData_Disarm;Make_USH_ExecData_Discharge;Make_USH_ExecData_ForkBomb;Make_USH_ExecData_HijackSubcore;Make_USH_ExecData_ShortCircuit;Make_USH_ExecData_VirtualICEBreaker;Make_USH_ExecData_Zapcode","8","USH_ExecDataCase;USH_ExecData_Disarm;USH_ExecData_Discharge;USH_ExecData_ForkBomb;USH_ExecData_HijackSubcore;USH_ExecData_ShortCircuit;USH_ExecData_VirtualICEBreaker;USH_ExecData_Zapcode","0","","","0","","1","USH_AdvancedCybertech"
"ThematicMetadata","OtherRecipe;NonBuildingThing","LastWishRes","Last-Wish","Ushankas Luciferium Expansion","Ushanka.LuciferiumExpansion","1400","0","0","","4","0","USH_Synthesise_LastWish;USH_Synthesise_LastWish_Bulk;USH_Synthesise_MechaSuppressors;USH_Synthesise_MechaSuppressors_Bulk","2","USH_LastWish;USH_MechaSuppressors","0","","","0","","1","ScarlettRefining"
"ThematicMetadata","OtherRecipe;NonBuildingThing","RedFlickerRes","Red-flicker","Ushankas Luciferium Expansion","Ushanka.LuciferiumExpansion","1000","0","0","","2","0","USH_Synthesise_RedFlicker;USH_Synthesise_RedFlicker_Bulk","1","USH_RedFlicker","0","","","0","","1","ScarlettRefining"
"ThematicMetadata","OtherRecipe;NonBuildingThing","ScarletSmellingSaltsRes","Scarlet smelling salts","Ushankas Luciferium Expansion","Ushanka.LuciferiumExpansion","400","0","0","","2","0","USH_Synthesise_ScarletSmellingSalts;USH_Synthesise_ScarletSmellingSalts_Bulk","1","USH_ScarlettSmellingSalts","0","","","0","","1","ScarlettRefining"
"ThematicMetadata","OtherRecipe;NonBuildingThing","VAE_CasualWear","Casual wear","Vanilla Apparel Expanded","VanillaExpanded.VAPPE","600","0","0","","7","0","Make_UGEC_Apparel_SportsUndergarments;Make_VAE_Apparel_CasualTShirt;Make_VAE_Apparel_Hoodie;Make_VAE_Apparel_Shorts;Make_VAE_Headgear_BaseballCap;Make_VAE_Headgear_Glasses;Make_VAE_Headgear_Sunglasses","7","UGEC_Apparel_SportsUndergarments;VAE_Apparel_CasualTShirt;VAE_Apparel_Hoodie;VAE_Apparel_Shorts;VAE_Headgear_BaseballCap;VAE_Headgear_Glasses;VAE_Headgear_Sunglasses","0","","","0","","1","ComplexClothing"
"ThematicMetadata","OtherRecipe;NonBuildingThing","VAE_MilitaryClothing","Military clothing","Vanilla Apparel Expanded","VanillaExpanded.VAPPE","1000","0","0","","4","0","Make_VAE_Apparel_MilitaryJacket;Make_VAE_Apparel_MilitaryUniform;Make_VAE_Apparel_SheriffShirt;Make_VAE_Headgear_Beret","4","VAE_Apparel_MilitaryJacket;VAE_Apparel_MilitaryUniform;VAE_Apparel_SheriffShirt;VAE_Headgear_Beret","0","","","0","","2","VAE_SterileAttire;VAE_WorkAttire"
"ThematicMetadata","OtherRecipe;NonBuildingThing","VAE_SterileAttire","Sterile attire","Vanilla Apparel Expanded","VanillaExpanded.VAPPE","1000","0","0","","6","0","Make_Apparel_LabCoat;Make_Bandagewraps_BodywrapA;Make_Bandagewraps_HeadBandageA;Make_VAE_Apparel_DoctorScrubs;Make_VAE_Apparel_LabCoat;Make_VAE_Headgear_SurgicalMask","6","Apparel_LabCoat;Bandagewraps_BodywrapA;Bandagewraps_HeadBandageA;VAE_Apparel_DoctorScrubs;VAE_Apparel_LabCoat;VAE_Headgear_SurgicalMask","0","","","0","","1","Ferny_Bandages"
"ThematicMetadata","OtherRecipe;NonBuildingThing","VAE_WorkAttire","Work attire","Vanilla Apparel Expanded","VanillaExpanded.VAPPE","1000","0","0","","16","0","Make_OCARINA_PrisonerJumpsuit_Blue;Make_OCARINA_PrisonerJumpsuit_Custom;Make_OCARINA_PrisonerJumpsuit_Orange;Make_OCARINA_PrisonerJumpsuit_Red;Make_PU_CapA;Make_PU_ClassA;Make_PU_ClassB;Make_UGEC_Apparel_ThermalUndergarments;Make_VAE_Apparel_BuildersJacket;Make_VAE_Apparel_ChefsUniform;Make_VAE_Apparel_FleeceShirt;Make_VAE_Apparel_Jeans;Make_VAE_Apparel_Jumpsuit;Make_VAE_Apparel_Overalls;Make_VAE_Headgear_ChefsToque;Make_VAE_Headgear_Hardhat","16","OCARINA_PrisonerJumpsuit_Blue;OCARINA_PrisonerJumpsuit_Custom;OCARINA_PrisonerJumpsuit_Orange;OCARINA_PrisonerJumpsuit_Red;PU_CapA;PU_ClassA;PU_ClassB;UGEC_Apparel_ThermalUndergarments;VAE_Apparel_BuildersJacket;VAE_Apparel_ChefsUniform;VAE_Apparel_FleeceShirt;VAE_Apparel_Jeans;VAE_Apparel_Jumpsuit;VAE_Apparel_Overalls;VAE_Headgear_ChefsToque;VAE_Headgear_Hardhat","0","","","0","","1","ComplexClothing"
"ThematicMetadata","OtherRecipe;NonBuildingThing","VAE_HazardProtection","Hazard protection","Vanilla Armour Expanded","VanillaExpanded.VARME","1000","0","0","","2","0","Make_VAE_Apparel_HAZMATSuit;Make_VAE_Headgear_HAZMATMask","2","VAE_Apparel_HAZMATSuit;VAE_Headgear_HAZMATMask","0","","","0","","1","VAE_MilitaryClothing"
"ThematicMetadata","OtherRecipe;NonBuildingThing","VAE_MlitaryCamouflage","Military camouflage","Vanilla Armour Expanded","VanillaExpanded.VARME","1000","0","0","","2","0","Make_VAE_Apparel_GhillieSuit;Make_VAE_Headgear_GhillieHood","2","VAE_Apparel_GhillieSuit;VAE_Headgear_GhillieHood","0","","","0","","1","VAE_MilitaryClothing"
"ThematicMetadata","OtherRecipe;NonBuildingThing","VAE_SiegebreakerArmor","Siegebreaker armor","Vanilla Armour Expanded","VanillaExpanded.VARME","6000","0","0","","6","0","Make_AM_MechBreakerArmor;Make_AM_PrestigeMechBreakerArmor;Make_VAE_Apparel_HeavyMarineArmor;Make_VAE_Apparel_RoyalSiegeArmor;Make_VAE_Headgear_HeavyMarineHelmet;Make_VAE_Headgear_RoyalSiegeHelmet","6","AM_MechBreakerArmor;AM_PrestigeMechBreakerArmor;VAE_Apparel_HeavyMarineArmor;VAE_Apparel_RoyalSiegeArmor;VAE_Headgear_HeavyMarineHelmet;VAE_Headgear_RoyalSiegeHelmet","0","","","0","","2","PoweredArmor;ShieldBelt"
"ThematicMetadata","OtherRecipe;NonBuildingThing","VAE_TrooperArmor","Trooper armor","Vanilla Armour Expanded","VanillaExpanded.VARME","3000","0","0","","4","0","Make_VAE_Apparel_RoyalTrooperArmor;Make_VAE_Apparel_TrooperArmor;Make_VAE_Headgear_RoyalTrooperHelmet;Make_VAE_Headgear_TrooperHelmet","4","VAE_Apparel_RoyalTrooperArmor;VAE_Apparel_TrooperArmor;VAE_Headgear_RoyalTrooperHelmet;VAE_Headgear_TrooperHelmet","0","","","0","","2","Fabrication;FlakArmor"
"ThematicMetadata","OtherRecipe;NonBuildingThing","GR_GeneticCompatibility","Human implants","Vanilla Genetics Expanded","VanillaExpanded.VGeneticsE","1250","0","0","","26","0","GR_CraftBearClaws;GR_CraftBearMuscleTissue;GR_CraftBoomalopeNodules;GR_CraftBunnyEars;GR_CraftCatEye;GR_CraftChemfuelHeart;GR_CraftChemfuelStomach;GR_CraftCompoundEye;GR_CraftDevouringJaws;GR_CraftDiggingBearClaws;GR_CraftHibernationModule;GR_CraftHumanThrumboHorn;GR_CraftIguanaScales;GR_CraftInsectoidAntennae;GR_CraftKidneyToxicFilters;GR_CraftMoleratNerveDampener;GR_CraftMousePheromones;GR_CraftMuffaloMammaries;GR_CraftMuffaloMuscles;GR_CraftMuffaloSkin;GR_CraftNeuronReinforcement;GR_CraftOvipositor;GR_CraftPsychicDampeners;GR_CraftThrumboSkin;GR_CraftVenomousFangs;GR_CraftWolfMuscularFibers","26","GR_BearClaws;GR_BearMuscleTissue;GR_BoomalopeNodules;GR_BunnyEars;GR_CatEye;GR_ChemfuelHeart;GR_ChemfuelStomach;GR_CompoundEye;GR_DevouringJaws;GR_DiggingBearClaws;GR_HibernationModule;GR_HumanThrumboHorn;GR_IguanaScales;GR_InsectoidAntennae;GR_KidneyToxicFilters;GR_MoleratNerveDampener;GR_MousePheromones;GR_MuffaloMammaries;GR_MuffaloMuscles;GR_MuffaloSkin;GR_NeuronReinforcement;GR_Ovipositor;GR_PsychicDampeners;GR_ThrumboSkin;GR_VenomousFangs;GR_WolfMuscularFibers","0","","","0","","1","GR_HybridImplantology"
"GenericFallbackOnly","","VPEF_Horticulture","Blooming cultivation","Vanilla Plants Expanded - Flowers","VanillaExpanded.VPEFlowers","200","0","0","","0","0","","0","","0","","","0","","1","VFET_Agriculture"
"ThematicMetadata","OtherRecipe;NonBuildingThing","VPE_CasterGear","Caster gear","Vanilla Psycasts Expanded","VanillaExpanded.VPsycastsE","1000","0","0","","6","0","Make_VPER_MeleeWeapon_RunesmithBattleaxe;Make_VPE_MeleeWeapon_EltexDagger;Make_VPE_MeleeWeapon_EltexMace;Make_VPE_MeleeWeapon_EltexSword;VPE_Make_EltexCape;VPE_Make_EltexMask","6","VPER_MeleeWeapon_RunesmithBattleaxe;VPE_Apparel_EltexCape;VPE_Apparel_EltexMask;VPE_MeleeWeapon_EltexDagger;VPE_MeleeWeapon_EltexMace;VPE_MeleeWeapon_EltexSword","0","","","0","","1","NobleApparel"
"ThematicMetadata","OtherRecipe;NonBuildingThing","VPE_EltexGear","Eltex gear","Vanilla Psycasts Expanded","VanillaExpanded.VPsycastsE","3000","0","0","","8","0","CAT_Make_EltexBoots;CAT_Make_EltexGloves;VPE_Make_EltexHelmet;VPE_Make_EltexRobe;VPE_Make_EltexShirt;VPE_Make_EltexSkullcap;VPE_Make_EltexStaff;VPE_Make_EltexVest","8","Apparel_EltexSkullcap;Apparel_PsyfocusHelmet;Apparel_PsyfocusRobe;Apparel_PsyfocusShirt;Apparel_PsyfocusVest;CAT_Footwear_EltexBoots;CAT_Handwear_EltexGloves;MeleeWeapon_PsyfocusStaff","0","","","0","","1","ComplexClothing"
"ThematicMetadata","OtherRecipe;NonBuildingThing","VWE_HeavyWeapons","Heavy weapons","Vanilla Weapons Expanded","VanillaExpanded.VWE","2000","0","0","","10","0","Make_DV_Gun_BruteRifle;Make_DV_Gun_ClashHMG;Make_DV_Gun_ClashRifle;Make_DV_Weapon_GrenadeContact;Make_DV_Weapon_GrenadeThump;Make_Gun_DoomsdayRocket;Make_Gun_TripleRocket;Make_VWE_Gun_AntiMaterialRifle;Make_VWE_Gun_HMG;Make_VWE_Gun_RocketLauncher","10","DV_Gun_BruteRifle;DV_Gun_ClashHMG;DV_Gun_ClashRifle;DV_Weapon_GrenadeContact;DV_Weapon_GrenadeThump;Gun_DoomsdayRocket;Gun_TripleRocket;VWE_Gun_AntiMaterialRifle;VWE_Gun_HMG;VWE_Gun_RocketLauncher","0","","","0","","1","HeavyTurrets"
"ThematicMetadata","OtherRecipe;NonBuildingThing","VWE_LaserTargetingSystems","Laser targeting systems","Vanilla Weapons Expanded","VanillaExpanded.VWE","5000","0","0","","4","0","Make_VWE_Gun_ChargeLMG;Make_VWE_Gun_ChargeMinigun;Make_VWE_Gun_ChargeRocketLauncher;Make_VWE_Gun_ChargeSniperRifle","4","VWE_Gun_ChargeLMG;VWE_Gun_ChargeMinigun;VWE_Gun_ChargeRocketLauncher;VWE_Gun_ChargeSniperRifle","0","","","0","","2","ChargedShot;VWE_HeavyWeapons"
"ThematicMetadata","OtherRecipe;NonBuildingThing","VWEFT_FrontierWeapons","Frontier weapons","Vanilla Weapons Expanded - Frontier","VanillaExpanded.VWEFT","800","0","0","","5","0","Make_VWEFT_Gun_FrontierPistol;Make_VWEFT_Gun_HeavyRevolver;Make_VWEFT_Gun_RepeatingShotgun;Make_VWEFT_Gun_RollingBlockRifle;Make_VWEFT_Gun_VolcanicPistol","5","VWEFT_Gun_FrontierPistol;VWEFT_Gun_HeavyRevolver;VWEFT_Gun_RepeatingShotgun;VWEFT_Gun_RollingBlockRifle;VWEFT_Gun_VolcanicPistol","0","","","0","","1","Gunsmithing"
"ThematicMetadata","OtherRecipe;NonBuildingThing","VWE_MakeshiftWeapons","Makeshift weapons","Vanilla Weapons Expanded - Makeshift","VanillaExpanded.VWEMS","500","0","0","","5","0","Make_VWE_Gun_MakeshiftLMG;Make_VWE_Gun_MakeshiftPistol;Make_VWE_Gun_MakeshiftRifle;Make_VWE_Gun_MakeshiftSMG;Make_VWE_Gun_MakeshiftShotgun","5","VWE_Gun_MakeshiftLMG;VWE_Gun_MakeshiftPistol;VWE_Gun_MakeshiftRifle;VWE_Gun_MakeshiftSMG;VWE_Gun_MakeshiftShotgun","0","","","0","","0",""
"ThematicMetadata","OtherRecipe;NonBuildingThing","RG_ShardDistilleryAndWeaponry","Bile processing","Rim-Gnoblins","VexedTrees980.RimGnoblinsBiotech","800","0","0","","2","0","Make_RGWeapon_Toxpot;Make_RG_MeleeWeapon_ToxSpear","2","RGWeapon_Toxpot;RG_MeleeWeapon_ToxSpear","0","","","0","","1","Ferny_Dreg"
"ThematicMetadata","OtherRecipe;NonBuildingThing","Bamba_Melee_Research_Industrial","Industrial tier melee weapons","Melee Weapons For All Tech Levels","bamba.allbambamelee.tiered","1000","0","0","","8","0","Make_Bamba_Melee_Industrial_Baton;Make_Bamba_Melee_Industrial_Gladius;Make_Bamba_Melee_Industrial_Hammer;Make_Bamba_Melee_Industrial_Knife;Make_Bamba_Melee_Industrial_Longsword;Make_Bamba_Melee_Industrial_Mace;Make_Bamba_Melee_Industrial_Polehammer;Make_Bamba_Melee_Industrial_Spear","8","Bamba_Melee_Industrial_Baton;Bamba_Melee_Industrial_Gladius;Bamba_Melee_Industrial_Hammer;Bamba_Melee_Industrial_Knife;Bamba_Melee_Industrial_Longsword;Bamba_Melee_Industrial_Mace;Bamba_Melee_Industrial_Polehammer;Bamba_Melee_Industrial_Spear","0","","","0","","2","Machining;Smithing"
"ThematicMetadata","OtherRecipe;NonBuildingThing","Bamba_Melee_Research_Spacer","Spacer tier melee weapons","Melee Weapons For All Tech Levels","bamba.allbambamelee.tiered","2000","0","0","","8","0","Make_Bamba_Melee_Spacer_Axe;Make_Bamba_Melee_Spacer_Baton;Make_Bamba_Melee_Spacer_Gladius;Make_Bamba_Melee_Spacer_Knife;Make_Bamba_Melee_Spacer_Longsword;Make_Bamba_Melee_Spacer_Mace;Make_Bamba_Melee_Spacer_Polehammer;Make_Bamba_Melee_Spacer_Spear","8","Bamba_Melee_Spacer_Axe;Bamba_Melee_Spacer_Baton;Bamba_Melee_Spacer_Gladius;Bamba_Melee_Spacer_Knife;Bamba_Melee_Spacer_Longsword;Bamba_Melee_Spacer_Mace;Bamba_Melee_Spacer_Polehammer;Bamba_Melee_Spacer_Spear","0","","","0","","2","Bamba_Melee_Research_Industrial;MultiAnalyzer"
"ThematicMetadata","OtherRecipe;NonBuildingThing","Bamba_Melee_Research_Ultra","Ultra tier melee weapons","Melee Weapons For All Tech Levels","bamba.allbambamelee.tiered","3500","0","0","","8","0","Make_Bamba_Melee_Ultra_Axe;Make_Bamba_Melee_Ultra_Baton;Make_Bamba_Melee_Ultra_Gladius;Make_Bamba_Melee_Ultra_Knife;Make_Bamba_Melee_Ultra_Longsword;Make_Bamba_Melee_Ultra_Mace;Make_Bamba_Melee_Ultra_Polehammer;Make_Bamba_Melee_Ultra_Spear","8","Bamba_Melee_Ultra_Axe;Bamba_Melee_Ultra_Baton;Bamba_Melee_Ultra_Gladius;Bamba_Melee_Ultra_Knife;Bamba_Melee_Ultra_Longsword;Bamba_Melee_Ultra_Mace;Bamba_Melee_Ultra_Polehammer;Bamba_Melee_Ultra_Spear","0","","","0","","2","Bamba_Melee_Research_Spacer;Fabrication"
"ThematicMetadata","OtherRecipe;NonBuildingThing","ABG_Research_AdvancedBallisticWeaponry","Advanced Ballistic Weaponry","Guns For All Tech Levels","bambaryla.AllBambaGuns","4000","0","0","","2","0","Make_ABG_Gun_SBPistol;Make_ABG_Gun_SBRifle","2","ABG_Gun_SBPistol;ABG_Gun_SBRifle","0","","","0","","2","GasOperation;PrecisionRifling"
"ThematicMetadata","OtherRecipe;NonBuildingThing","ABG_Research_AdvancedChargeWeaponry","Advanced charge weaponry","Guns For All Tech Levels","bambaryla.AllBambaGuns","4000","0","0","","2","0","Make_ABG_Gun_UCBattleRifle;Make_ABG_Gun_UCPistol","2","ABG_Gun_UCBattleRifle;ABG_Gun_UCPistol","0","","","0","","2","AdvancedFabrication;ChargedShot"
"ThematicMetadata","OtherRecipe;NonBuildingThing","ABG_Research_AdvancedHeavyBallisticWeaponry","Advanced Heavy Ballistic Weaponry","Guns For All Tech Levels","bambaryla.AllBambaGuns","2000","0","0","","3","0","Make_ABG_Gun_SBLMG;Make_ABG_Gun_SBShotgun;Make_ABG_Gun_SBSniper","3","ABG_Gun_SBLMG;ABG_Gun_SBShotgun;ABG_Gun_SBSniper","0","","","0","","2","ABG_Research_AdvancedBallisticWeaponry;PrecisionRifling"
"ThematicMetadata","OtherRecipe;NonBuildingThing","ABG_Research_AdvancedHeavyChargeWeaponry","Advanced heavy weaponry","Guns For All Tech Levels","bambaryla.AllBambaGuns","2000","0","0","","3","0","Make_ABG_Gun_UCLMG;Make_ABG_Gun_UCShotgun;Make_ABG_Gun_UCSniper","3","ABG_Gun_UCLMG;ABG_Gun_UCShotgun;ABG_Gun_UCSniper","0","","","0","","2","ABG_Research_AdvancedChargeWeaponry;PrecisionRifling"
"ThematicMetadata","OtherRecipe;NonBuildingThing","ABG_Research_AdvancedSpecialistBallisticWeaponry","Advanced Specialized Ballistic Weaponry","Guns For All Tech Levels","bambaryla.AllBambaGuns","2000","0","0","","2","0","Make_ABG_Gun_SBBullpup;Make_ABG_Gun_SBDMR","2","ABG_Gun_SBBullpup;ABG_Gun_SBDMR","0","","","0","","2","ABG_Research_AdvancedBallisticWeaponry;PrecisionRifling"
"ThematicMetadata","OtherRecipe;NonBuildingThing","ABG_Research_AdvancedSpecialistChargeWeaponry","Advanced specialized weaponry","Guns For All Tech Levels","bambaryla.AllBambaGuns","2000","0","0","","2","0","Make_ABG_Gun_UCBullpup;Make_ABG_Gun_UCDMR","2","ABG_Gun_UCBullpup;ABG_Gun_UCDMR","0","","","0","","2","ABG_Research_AdvancedChargeWeaponry;PrecisionRifling"
"ThematicMetadata","OtherRecipe;NonBuildingThing","ABG_Research_ChargeWeaponry_Proto","Proto-charge weaponry","Guns For All Tech Levels","bambaryla.AllBambaGuns","2000","0","0","","2","0","Make_ABG_Gun_ICBattleRifle;Make_ABG_Gun_ICPistol","2","ABG_Gun_ICBattleRifle;ABG_Gun_ICPistol","0","","","0","","0",""
"ThematicMetadata","OtherRecipe;NonBuildingThing","ABG_Research_GlitterBallisticWeaponry","Glitterworld ballistic weaponry","Guns For All Tech Levels","bambaryla.AllBambaGuns","6000","0","0","","2","0","Make_ABG_Gun_UBBattleRifle;Make_ABG_Gun_UBPistol","2","ABG_Gun_UBBattleRifle;ABG_Gun_UBPistol","0","","","0","","2","ABG_Research_AdvancedBallisticWeaponry;MultiAnalyzer"
"ThematicMetadata","OtherRecipe;NonBuildingThing","ABG_Research_GlitterHeavyBallisticWeaponry","Glitterworld heavy ballistic weaponry","Guns For All Tech Levels","bambaryla.AllBambaGuns","3000","0","0","","3","0","Make_ABG_Gun_UBLMG;Make_ABG_Gun_UBShotgun;Make_ABG_Gun_UBSniper","3","ABG_Gun_UBLMG;ABG_Gun_UBShotgun;ABG_Gun_UBSniper","0","","","0","","2","ABG_Research_GlitterBallisticWeaponry;PrecisionRifling"
"ThematicMetadata","OtherRecipe;NonBuildingThing","ABG_Research_GlitterSpecialistBallisticWeaponry","Glitterworld specialized ballistic weaponry","Guns For All Tech Levels","bambaryla.AllBambaGuns","3000","0","0","","2","0","Make_ABG_Gun_UBBullpup;Make_ABG_Gun_UBDMR","2","ABG_Gun_UBBullpup;ABG_Gun_UBDMR","0","","","0","","2","ABG_Research_GlitterBallisticWeaponry;PrecisionRifling"
"ThematicMetadata","OtherRecipe;NonBuildingThing","ABG_Research_HeavyChargeWeaponry_Proto","Heavy proto-charge weapons","Guns For All Tech Levels","bambaryla.AllBambaGuns","1000","0","0","","3","0","Make_ABG_Gun_ICLMG;Make_ABG_Gun_ICShotgun;Make_ABG_Gun_ICSniper","3","ABG_Gun_ICLMG;ABG_Gun_ICShotgun;ABG_Gun_ICSniper","0","","","0","","2","ABG_Research_ChargeWeaponry_Proto;PrecisionRifling"
"ThematicMetadata","OtherRecipe;NonBuildingThing","ABG_Research_SpecialistChargeWeaponry_Proto","Specialized proto-charge weapons","Guns For All Tech Levels","bambaryla.AllBambaGuns","1000","0","0","","2","0","Make_ABG_Gun_ICBullpup;Make_ABG_Gun_ICDMR","2","ABG_Gun_ICBullpup;ABG_Gun_ICDMR","0","","","0","","2","ABG_Research_ChargeWeaponry_Proto;PrecisionRifling"
"ThematicMetadata","NonBuildingThing;RequiredAnalyzed","DV_GolemResearch_AnimaBlooms","Anima blooms","Epochs - Golems","det.epochsgolems","500","0","0","","0","0","","1","DV_Plant_AnimaSprout","1","DV_Seed_AnimaSprout","","0","","1","VFET_Agriculture"
"ThematicMetadata","SurgeryRecipe;OtherRecipe;NonBuildingThing","DV_GolemResearch_GolemancyModules","Golem modification","Epochs - Golems","det.epochsgolems","500","0","0","","2","1","DV_Golem_InstallBrainModule;Make_DV_Golem_BrainModule","1","DV_Golem_BrainModule","0","","","0","","1","DV_GolemResearch_BasicGolemancy"
"ThematicMetadata","OtherRecipe;NonBuildingThing","DV_PhaseWeaponsResearch","Phase-cycler construction","Phase Weaponry","det.phaseweaponry","3400","0","0","","3","0","Make_DV_Gun_PhasePistol;Make_DV_Gun_PhasePrecisionRifle;Make_DV_Gun_PhaseRifle","3","DV_Gun_PhasePistol;DV_Gun_PhasePrecisionRifle;DV_Gun_PhaseRifle","0","","","0","","1","AdvancedFabrication"
"ThematicMetadata","OtherRecipe;NonBuildingThing","SD_DwarvenDrugPlants","Bladeroot cigar","Stoneborn - Delights","det.sbdelights","1000","0","0","","2","0","Make_SD_BladerootCigar;Make_SD_BladerootCigarBulk","1","SD_BladerootCigar","0","","","0","","1","VFET_Agriculture"
"ThematicMetadata","OtherRecipe;NonBuildingThing","SD_ProcessedDrugs","Complex concoctions","Stoneborn - Delights","det.sbdelights","1200","0","0","","2","0","SD_MakeElixirMush;SD_MakeLiquorSmush","2","SD_ElixirMush;SD_LiquorSmush","0","","","0","","0",""
"ThematicMetadata","OtherRecipe;NonBuildingThing","DV_EnsignArmor","Ensign armor","Spacer Arsenal","det.spacerarsenal","6300","0","0","","4","0","Make_CAT_Footwear_EnsignBoots;Make_CAT_Handwear_EnsignGloves;Make_DV_Apparel_EnsignArmor;Make_DV_Apparel_EnsignHelmet","4","CAT_Footwear_EnsignBoots;CAT_Handwear_EnsignGloves;DV_Apparel_EnsignArmor;DV_Apparel_EnsignHelmet","0","","","0","","1","ReconArmor"
"ThematicMetadata","OtherRecipe;NonBuildingThing","DV_LensArrays","Lens arrays","Volt Weaponry","det.voltweaponry","1500","0","0","","2","0","Make_DV_Gun_VoltPistol;Make_DV_Gun_VoltRifle","7","DV_Gun_VoltCarbine;DV_Gun_VoltChaingun;DV_Gun_VoltDMR;DV_Gun_VoltPistol;DV_Gun_VoltRifle;DV_Gun_VoltSniper;DV_Gun_VoltTrenchgun","0","","","0","","0",""
"ThematicMetadata","OtherRecipe;NonBuildingThing","DV_CrusaderArmor","Crusader armor","Impact Weaponry - Reloaded","detvisor.impactweaponryreloaded","7000","0","0","","4","0","Make_CAT_Footwear_CrusaderBoots;Make_CAT_Handwear_CrusaderGloves;Make_DV_Apparel_ArmorCrusader;Make_DV_Apparel_ArmorHelmetCrusader","4","CAT_Footwear_CrusaderBoots;CAT_Handwear_CrusaderGloves;DV_Apparel_ArmorCrusader;DV_Apparel_ArmorHelmetCrusader","0","","","0","","1","PoweredArmor"
"ThematicMetadata","SurgeryRecipe;OtherRecipe;NonBuildingThing","Ferny_AnimaClaw","Anima claw","Generally More Research","ferny.generallymoreresearch","300","0","0","","2","1","DV_Golem_InstallAnimaClaw;Make_DV_Golem_AnimaClaw","1","DV_Golem_AnimaClaw","0","","","0","","1","DV_GolemResearch_GolemancyModules"
"ThematicMetadata","SurgeryRecipe;OtherRecipe;NonBuildingThing","Ferny_AttackBooster","Attack booster","Generally More Research","ferny.generallymoreresearch","300","0","0","","2","1","DV_Golem_InstallAttackBooster;Make_DV_Golem_AttackBooster","1","DV_Golem_AttackBooster","0","","","0","","1","DV_GolemResearch_GolemancyModules"
"GenericFallbackOnly","","Ferny_Bioshred","Bioshredding","Generally More Research","ferny.generallymoreresearch","0","0","0","","0","0","","0","","0","","","0","","1","AdvancedPsychicRituals"
"ThematicMetadata","SurgeryRecipe;OtherRecipe;NonBuildingThing","Ferny_BrickFist","Brick fist","Generally More Research","ferny.generallymoreresearch","300","0","0","","2","1","DV_Golem_InstallBrickFist;Make_DV_Golem_BrickFist","1","DV_Golem_BrickFist","0","","","0","","1","DV_GolemResearch_GolemancyModules"
"ThematicMetadata","OtherRecipe;NonBuildingThing","Ferny_ConversionStaff","Conversion staff","Generally More Research","ferny.generallymoreresearch","300","0","0","","1","0","Make_TCS_ConversionStaff","1","TCS_ConversionStaff","0","","","0","","1","VFET_Culture"
"ThematicMetadata","OtherRecipe;NonBuildingThing","Ferny_Dumbbells","Dumbbells","Generally More Research","ferny.generallymoreresearch","500","0","0","","1","0","Make_Rimbody_Dumbbells","1","Rimbody_Dumbbells","0","","","0","","1","Smithing"
"ThematicMetadata","OtherRecipe;NonBuildingThing","Ferny_ExerciseBall","Exercise ball","Generally More Research","ferny.generallymoreresearch","500","0","0","","1","0","Make_Rimbody_ExerciseBall","1","Rimbody_ExerciseBall","0","","","0","","1","Smithing"
"ThematicMetadata","OtherRecipe;NonBuildingThing","Ferny_GolemancerBag","Golemancer bag","Generally More Research","ferny.generallymoreresearch","250","0","0","","1","0","Make_DV_Apparel_GolemancerBag","1","DV_Apparel_GolemancerBag","0","","","0","","1","DV_GolemResearch_BasicGolemancy"
"ThematicMetadata","OtherRecipe;NonBuildingThing","Ferny_GolemancerGoggles","Golemancer goggles","Generally More Research","ferny.generallymoreresearch","250","0","0","","1","0","Make_DV_Apparel_GolemancerGoggles","1","DV_Apparel_GolemancerGoggles","0","","","0","","1","DV_GolemResearch_BasicGolemancy"
"ThematicMetadata","OtherRecipe;NonBuildingThing","Ferny_Hardweave","Hardweave","Generally More Research","ferny.generallymoreresearch","350","0","0","","1","0","VFEM2_Make_Hardweave","1","VFEM2_Hardweave","0","","","0","","1","VFET_Agriculture"
"ThematicMetadata","OtherRecipe;NonBuildingThing","Ferny_Hayweave","Hayweave","Generally More Research","ferny.generallymoreresearch","200","0","0","","1","0","VFEM2_Make_Hayweave","1","VFEM2_Hayweave","0","","","0","","1","VFET_Agriculture"
"GenericFallbackOnly","","Ferny_HealingPulse","Healing pulse","Generally More Research","ferny.generallymoreresearch","0","0","0","","0","0","","0","","0","","","0","","1","AdvancedPsychicRituals"
"GenericFallbackOnly","","Ferny_ImmunityPulse","Immunity pulse","Generally More Research","ferny.generallymoreresearch","0","0","0","","0","0","","0","","0","","","0","","1","AdvancedPsychicRituals"
"GenericFallbackOnly","","Ferny_InhumanizingChant","Inhumanization","Generally More Research","ferny.generallymoreresearch","0","0","0","","0","0","","0","","0","","","0","","1","AdvancedPsychicRituals"
"GenericFallbackOnly","","Ferny_InvokeEclipse","Invoke eclipse","Generally More Research","ferny.generallymoreresearch","0","0","0","","0","0","","0","","0","","","0","","1","AdvancedPsychicRituals"
"GenericFallbackOnly","","Ferny_InvokeVoidAlly","Invoke void ally","Generally More Research","ferny.generallymoreresearch","0","0","0","","0","0","","0","","0","","","0","","1","AdvancedPsychicRituals"
"ThematicMetadata","OtherRecipe;NonBuildingThing","Ferny_Kettlebell","Kettlebell","Generally More Research","ferny.generallymoreresearch","500","0","0","","1","0","Make_Rimbody_Kettlebell","1","Rimbody_Kettlebell","0","","","0","","1","Smithing"
"GenericFallbackOnly","","Ferny_PsychicAwakening","Psychic awakening","Generally More Research","ferny.generallymoreresearch","0","0","0","","0","0","","0","","0","","","0","","1","AdvancedPsychicRituals"
"ThematicMetadata","SurgeryRecipe;OtherRecipe;NonBuildingThing","Ferny_PyrinthTalon","Pyrinth talon","Generally More Research","ferny.generallymoreresearch","300","0","0","","2","1","DV_Golem_InstallPyrinthTalon;Make_DV_Golem_PyrinthTalon","1","DV_Golem_PyrinthTalon","0","","","0","","1","DV_GolemResearch_GolemancyModules"
"GenericFallbackOnly","","Ferny_RegenerativeChant","Regenerative chant","Generally More Research","ferny.generallymoreresearch","0","0","0","","0","0","","0","","0","","","0","","1","AdvancedPsychicRituals"
"GenericFallbackOnly","","Ferny_ShardProduction","Shard reaping","Generally More Research","ferny.generallymoreresearch","0","0","0","","0","0","","0","","0","","","0","","1","AdvancedPsychicRituals"
"GenericFallbackOnly","","Ferny_SkipMigration","Skip migration","Generally More Research","ferny.generallymoreresearch","0","0","0","","0","0","","0","","0","","","0","","1","AdvancedPsychicRituals"
"ThematicMetadata","SurgeryRecipe;OtherRecipe;NonBuildingThing","Ferny_SleepAccelerator","Sleep accelerator","Generally More Research","ferny.generallymoreresearch","300","0","0","","2","1","DV_Golem_InstallSleepAccelerator;Make_DV_Golem_SleepAccelerator","1","DV_Golem_SleepAccelerator","0","","","0","","1","DV_GolemResearch_GolemancyModules"
"ThematicMetadata","SurgeryRecipe;OtherRecipe;NonBuildingThing","Ferny_SpeedEnhancer","Speed enhancer","Generally More Research","ferny.generallymoreresearch","300","0","0","","2","1","DV_Golem_InstallSpeedEnhancer;Make_DV_Golem_SpeedEnhancer","1","DV_Golem_SpeedEnhancer","0","","","0","","1","DV_GolemResearch_GolemancyModules"
"GenericFallbackOnly","","Ferny_VoidCleanse","Void cleanse","Generally More Research","ferny.generallymoreresearch","0","0","0","","0","0","","0","","0","","","0","","1","AdvancedPsychicRituals"
"GenericFallbackOnly","","Ferny_VoidTouchTransfer","Void-touch transfer","Generally More Research","ferny.generallymoreresearch","0","0","0","","0","0","","0","","0","","","0","","1","AdvancedPsychicRituals"
"GenericFallbackOnly","","Ferny_WitheringChant","Withering chant","Generally More Research","ferny.generallymoreresearch","0","0","0","","0","0","","0","","0","","","0","","1","AdvancedPsychicRituals"
"GenericFallbackOnly","","Ferny_XenogeneticRituals","Xenogenetic rituals","Generally More Research","ferny.generallymoreresearch","0","0","0","","0","0","","0","","0","","","0","","1","AdvancedPsychicRituals"
"ThematicMetadata","OtherRecipe;NonBuildingThing","Ferny_Bandages","Bandages","Progression: Attire","ferny.progressionattire","200","0","0","","2","0","Make_Bandagewraps_Bodywrap;Make_Bandagewraps_HeadBandage","2","Bandagewraps_Bodywrap;Bandagewraps_HeadBandage","0","","","0","","1","VFET_Tribalwear"
"ThematicMetadata","OtherRecipe;NonBuildingThing","LemonSkin_LeatherArmour","Leather armor","Progression: Attire","ferny.progressionattire","500","0","0","","4","0","Make_VFEM2_Apparel_HeavyLeatherArmor;Make_VFEM2_Apparel_HeavyLeatherHelmet;Make_VFEM2_Apparel_LeatherArmor;Make_VFEM2_Apparel_LeatherHelmet","4","VFEM2_Apparel_HeavyLeatherArmor;VFEM2_Apparel_HeavyLeatherHelmet;VFEM2_Apparel_LeatherArmor;VFEM2_Apparel_LeatherHelmet","0","","","0","","1","DankPyon_ProtectiveClothing"
"ThematicMetadata","OtherRecipe;NonBuildingThing","Ferny_AmbrosiaTreatmentPill","Ambrosia treatment pill","Progression: Drugs","ferny.progressiondrugs","1500","0","0","","1","0","AT_Make_AmbrosiaTreatment","1","AT_AmbrosiaTreatment","0","","","0","","1","AT_AddictionPharmacology"
"ThematicMetadata","OtherRecipe;NonBuildingThing","Ferny_AmineSerum","Amine serum","Progression: Drugs","ferny.progressiondrugs","500","0","0","","1","0","MA_Make_AmineSerum","1","MA_AmineSerum","0","","","0","","1","DankPyon_Alchemy"
"ThematicMetadata","OtherRecipe;NonBuildingThing","Ferny_AmnesiaDraught","Amnesia draught","Progression: Drugs","ferny.progressiondrugs","500","0","0","","1","0","Make_VFEM2_AmnesiaDraught","1","VFEM2_AmnesiaDraught","0","","","0","","1","DankPyon_Alchemy"
"ThematicMetadata","OtherRecipe;NonBuildingThing","Ferny_Antibiotics","Antibiotics","Progression: Drugs","ferny.progressiondrugs","2000","0","0","","2","0","Make_VRE_Antibiotics;Make_VRE_AntibioticsBulk","1","VRE_Antibiotics","0","","","0","","1","DrugProduction"
"ThematicMetadata","OtherRecipe;NonBuildingThing","Ferny_AntitoxDraught","Antitox draught","Progression: Drugs","ferny.progressiondrugs","500","0","0","","1","0","Make_VFEM2_AntitoxDraught","1","VFEM2_AntitoxDraught","0","","","0","","1","DankPyon_Alchemy"
"ThematicMetadata","OtherRecipe;NonBuildingThing","Ferny_ApothecarysMiracle","Apothecary's miracle","Progression: Drugs","ferny.progressiondrugs","500","0","0","","4","0","Make_DankPyon_Miracle;Make_DankPyon_MiracleBulk;Make_DankPyon_Mixture_Miracle;Make_DankPyon_Mixture_MiracleBulk","2","DankPyon_Miracle;DankPyon_Mixture_Miracle","0","","","0","","1","DankPyon_Alchemy"
"ThematicMetadata","OtherRecipe;NonBuildingThing","Ferny_BattleElixir","Battle elixir","Progression: Drugs","ferny.progressiondrugs","500","0","0","","4","0","Make_DankPyon_BattleElixir;Make_DankPyon_BattleElixirBulk;Make_DankPyon_Mixture_BattleElixir;Make_DankPyon_Mixture_BattleElixirBulk","2","DankPyon_BattleElixir;DankPyon_Mixture_BattleElixir","0","","","0","","1","Ferny_HappyPowder"
"ThematicMetadata","OtherRecipe;NonBuildingThing","Ferny_BeardWax","Beard wax","Progression: Drugs","ferny.progressiondrugs","500","0","0","","2","0","Make_SD_BeardWax;Make_SD_BeardWaxBulk","1","SD_BeardWax","0","","","0","","1","DrugProduction"
"ThematicMetadata","OtherRecipe;NonBuildingThing","Ferny_BloodRotVaccine","Blood rot vaccine","Progression: Drugs","ferny.progressiondrugs","1000","0","0","","3","0","Make_Vaccine_BloodRot;Make_Vaccine_BloodRot_x10;Make_Vaccine_BloodRot_x5","1","Vaccine_BloodRot","0","","","0","","1","Research_BasicImmunology"
"ThematicMetadata","OtherRecipe;NonBuildingThing","Ferny_Cigarettes","Cigarettes","Progression: Drugs","ferny.progressiondrugs","400","0","0","","1","0","VBE_MakeCigarettes","1","VBE_Cigarettes","0","","","0","","1","DrugProduction"
"ThematicMetadata","OtherRecipe;NonBuildingThing","Ferny_Cigars","Cigars","Progression: Drugs","ferny.progressiondrugs","500","0","0","","1","0","VBE_MakeCigars","1","VBE_Cigars","0","","","0","","1","Ferny_Cigarettes"
"ThematicMetadata","OtherRecipe;NonBuildingThing","Ferny_ClarityDraught","Clarity draught","Progression: Drugs","ferny.progressiondrugs","500","0","0","","1","0","Make_VFEM2_ClarityDraught","1","VFEM2_ClarityDraught","0","","","0","","1","DankPyon_Alchemy"
"ThematicMetadata","OtherRecipe;NonBuildingThing","Ferny_Clozapine","Clozapine","Progression: Drugs","ferny.progressiondrugs","500","0","0","","2","0","Make_Clozapine;Make_ClozapineBulk","1","Clozapine","0","","","0","","1","MP_BaseResearch"
"ThematicMetadata","OtherRecipe;NonBuildingThing","Ferny_ComaDraught","Coma draught","Progression: Drugs","ferny.progressiondrugs","500","0","0","","1","0","Make_VFEM2_ComaDraught","1","VFEM2_ComaDraught","0","","","0","","1","DankPyon_Alchemy"
"ThematicMetadata","OtherRecipe;NonBuildingThing","Ferny_EfficiencyDraught","Efficiency draught","Progression: Drugs","ferny.progressiondrugs","500","0","0","","1","0","Make_VFEM2_EfficiencyDraught","1","VFEM2_EfficiencyDraught","0","","","0","","1","DankPyon_Alchemy"
"ThematicMetadata","OtherRecipe;NonBuildingThing","Ferny_FeatherdustJoint","Featherdust joint","Progression: Drugs","ferny.progressiondrugs","500","0","0","","2","0","Make_GR_FeatherdustJoint;Make_GR_FeatherdustJointBulk","1","GR_FeatherdustJoint","0","","","0","","1","VFET_Hunting"
"ThematicMetadata","OtherRecipe;NonBuildingThing","Ferny_FertilityDraught","Fertility draught","Progression: Drugs","ferny.progressiondrugs","500","0","0","","1","0","Make_VFEM2_FertilityDraught","1","VFEM2_FertilityDraught","0","","","0","","1","DankPyon_Alchemy"
"ThematicMetadata","OtherRecipe;NonBuildingThing","Ferny_FeywingJoint","Feywing joint","Progression: Drugs","ferny.progressiondrugs","500","0","0","","2","0","Make_SD_FeywingJoint;Make_SD_FeywingJointBulk","1","SD_FeywingJoint","0","","","0","","1","VFET_Hunting"
"ThematicMetadata","OtherRecipe;NonBuildingThing","Ferny_Flake","Flake","Progression: Drugs","ferny.progressiondrugs","300","0","0","","2","0","Make_Flake;Make_FlakeBulk","1","Flake","0","","","0","","1","DrugProduction"
"ThematicMetadata","OtherRecipe;NonBuildingThing","Ferny_FluVaccine","Flu vaccine","Progression: Drugs","ferny.progressiondrugs","1000","0","0","","3","0","Make_Vaccine_Flu;Make_Vaccine_Flu_x10;Make_Vaccine_Flu_x5","1","Vaccine_Flu","0","","","0","","1","Research_BasicImmunology"
"ThematicMetadata","OtherRecipe;NonBuildingThing","Ferny_FocusDraught","Focus draught","Progression: Drugs","ferny.progressiondrugs","500","0","0","","1","0","Make_VFEM2_FocusDraught","1","VFEM2_FocusDraught","0","","","0","","1","DankPyon_Alchemy"
"ThematicMetadata","OtherRecipe;NonBuildingThing","Ferny_GoJuiceTreatmentPill","Go-juice treatment pill","Progression: Drugs","ferny.progressiondrugs","1500","0","0","","1","0","AT_Make_GoJuiceTreatment","1","AT_GoJuiceTreatment","0","","","0","","1","AT_AddictionPharmacology"
"ThematicMetadata","OtherRecipe;NonBuildingThing","Ferny_GutWormsVaccine","Gut worms vaccine","Progression: Drugs","ferny.progressiondrugs","1000","0","0","","3","0","Make_Vaccine_GutWorms;Make_Vaccine_GutWorms_x10;Make_Vaccine_GutWorms_x5","1","Vaccine_GutWorms","0","","","0","","1","Research_BasicImmunology"
"ThematicMetadata","OtherRecipe;NonBuildingThing","Ferny_HappyPowder","Happy powder","Progression: Drugs","ferny.progressiondrugs","500","0","0","","4","0","Make_DankPyon_HappyPowder;Make_DankPyon_HappyPowderBulk;Make_DankPyon_Mixture_HappyPowder;Make_DankPyon_Mixture_HappyPowderBulk","2","DankPyon_HappyPowder;DankPyon_Mixture_HappyPowder","0","","","0","","1","DankPyon_Alchemy"
"ThematicMetadata","OtherRecipe;NonBuildingThing","Ferny_HellboarLiverPotion","Hellboar liver potion","Progression: Drugs","ferny.progressiondrugs","500","0","0","","1","0","MA_Make_HellboarLiverPotion","1","MA_HellboarLiverPotion","0","","","0","","1","DankPyon_Alchemy"
"ThematicMetadata","OtherRecipe;NonBuildingThing","Ferny_HemogenDraught","Hemogen draught","Progression: Drugs","ferny.progressiondrugs","500","0","0","","1","0","Make_VFEM2_HemogenDraught","1","VFEM2_HemogenDraught","0","","","0","","1","DankPyon_Alchemy"
"ThematicMetadata","OtherRecipe;NonBuildingThing","Ferny_HerbalExtract","Herbal extract","Progression: Drugs","ferny.progressiondrugs","500","0","0","","3","0","DankPyon_Make_HerbalExtract;DankPyon_Make_HerbalExtractBulk;DankPyon_Make_HerbalExtractBulkExtra","1","DankPyon_HerbalExtract","0","","","0","","1","DankPyon_Alchemy"
"ThematicMetadata","OtherRecipe;NonBuildingThing","Ferny_Heroin","Heroin","Progression: Drugs","ferny.progressiondrugs","500","0","0","","2","0","Make_Heroin;Make_HeroinBulk","1","Heroin","0","","","0","","2","MP_BasicCashCrops;MP_CrimsonBulbRefinement"
"ThematicMetadata","OtherRecipe;NonBuildingThing","Ferny_ImmunizationDraught","Immunization draught","Progression: Drugs","ferny.progressiondrugs","500","0","0","","1","0","Make_VFEM2_ImmunizationDraught","1","VFEM2_ImmunizationDraught","0","","","0","","1","DankPyon_Alchemy"
"ThematicMetadata","OtherRecipe;NonBuildingThing","Ferny_InfantIllnessVaccine","Infant illness vaccine","Progression: Drugs","ferny.progressiondrugs","1000","0","0","","3","0","Make_Vaccine_InfantIllness;Make_Vaccine_InfantIllness_x10;Make_Vaccine_InfantIllness_x5","1","Vaccine_InfantIllness","0","","","0","","1","Research_BasicImmunology"
"ThematicMetadata","OtherRecipe;NonBuildingThing","Ferny_InspirationDraught","Inspiration draught","Progression: Drugs","ferny.progressiondrugs","500","0","0","","1","0","Make_VFEM2_InspirationDraught","1","VFEM2_InspirationDraught","0","","","0","","1","DankPyon_Alchemy"
"ThematicMetadata","OtherRecipe;NonBuildingThing","Ferny_Joy","Joy","Progression: Drugs","ferny.progressiondrugs","500","0","0","","2","0","Make_Joy;Make_JoyBulk","1","Joy","0","","","0","","2","MP_BasicCashCrops;MP_CrimsonBulbRefinement"
"ThematicMetadata","OtherRecipe;NonBuildingThing","Ferny_Luhix","Luhix","Progression: Drugs","ferny.progressiondrugs","500","0","0","","4","0","Make_DankPyon_Luhix;Make_DankPyon_LuhixBulk;Make_DankPyon_Mixture_Luhix;Make_DankPyon_Mixture_LuhixBulk","2","DankPyon_Luhix;DankPyon_Mixture_Luhix","0","","","0","","1","DankPyon_Alchemy"
"ThematicMetadata","OtherRecipe;NonBuildingThing","Ferny_LungRotVaccine","Lung rot vaccine","Progression: Drugs","ferny.progressiondrugs","1000","0","0","","3","0","Make_Vaccine_LungRot;Make_Vaccine_LungRot_x10;Make_Vaccine_LungRot_x5","1","Vaccine_LungRot","0","","","0","","1","Research_BasicImmunology"
"ThematicMetadata","OtherRecipe;NonBuildingThing","Ferny_MinersDelight","Miner's delight","Progression: Drugs","ferny.progressiondrugs","500","0","0","","2","0","Make_SD_MinersDelight;Make_SD_MinersDelightBulk","1","SD_MinersDelight","0","","","0","","1","DrugProduction"
"ThematicMetadata","OtherRecipe;NonBuildingThing","Ferny_Morphine","Morphine","Progression: Drugs","ferny.progressiondrugs","500","0","0","","2","0","Make_Morphine;Make_MorphineBulk","1","Morphine","0","","","0","","1","MP_BaseResearch"
"ThematicMetadata","OtherRecipe;NonBuildingThing","Ferny_MossmireDraught","Mossmire draught","Progression: Drugs","ferny.progressiondrugs","500","0","0","","1","0","MA_Make_MossmireDraught","1","MA_MossmireDraught","0","","","0","","1","DankPyon_Alchemy"
"ThematicMetadata","OtherRecipe;NonBuildingThing","Ferny_MuscleParasitesVaccine","Muscle parasites vaccine","Progression: Drugs","ferny.progressiondrugs","1000","0","0","","3","0","Make_Vaccine_MuscleParasites;Make_Vaccine_MuscleParasites_x10;Make_Vaccine_MuscleParasites_x5","1","Vaccine_MuscleParasites","0","","","0","","1","Research_BasicImmunology"
"GenericFallbackOnly","","Ferny_NecroaVaccine","Necroa vaccine","Progression: Drugs","ferny.progressiondrugs","1800","0","0","","0","0","","0","","0","","","0","","1","Research_BasicImmunology"
"ThematicMetadata","OtherRecipe;NonBuildingThing","Ferny_OpiumInfusion","Opium infusion","Progression: Drugs","ferny.progressiondrugs","300","0","0","","1","0","MakePoppyLatex","1","PoppyLatex","0","","","0","","1","DrugProduction"
"ThematicMetadata","OtherRecipe;NonBuildingThing","Ferny_PainkillerDraught","Painkiller draught","Progression: Drugs","ferny.progressiondrugs","500","0","0","","1","0","Make_VFEM2_PainkillerDraught","1","VFEM2_PainkillerDraught","0","","","0","","1","DankPyon_Alchemy"
"ThematicMetadata","OtherRecipe;NonBuildingThing","Ferny_Paregoric","Paregoric","Progression: Drugs","ferny.progressiondrugs","500","0","0","","4","0","Make_DankPyon_Mixture_Paregoric;Make_DankPyon_Mixture_ParegoricBulk;Make_DankPyon_Paregoric;Make_DankPyon_ParegoricBulk","2","DankPyon_Mixture_Paregoric;DankPyon_Paregoric","0","","","0","","1","DankPyon_Alchemy"
"ThematicMetadata","OtherRecipe;NonBuildingThing","Ferny_Penicillin","Penicillin","Progression: Drugs","ferny.progressiondrugs","500","0","0","","2","0","Make_Penicillin;Make_PenicillinBulk","1","Penicillin","0","","","0","","1","MP_BaseResearch"
"ThematicMetadata","OtherRecipe;NonBuildingThing","Ferny_PeyoteInfusion","Peyote infusion","Progression: Drugs","ferny.progressiondrugs","300","0","0","","1","0","MakePeyote","1","Peyote","0","","","0","","1","DrugProduction"
"ThematicMetadata","OtherRecipe;NonBuildingThing","Ferny_PlagueVaccine","Plague vaccine","Progression: Drugs","ferny.progressiondrugs","1000","0","0","","3","0","Make_Vaccine_Plague;Make_Vaccine_Plague_x10;Make_Vaccine_Plague_x5","1","Vaccine_Plague","0","","","0","","1","Research_BasicImmunology"
"ThematicMetadata","OtherRecipe;NonBuildingThing","Ferny_PoisonDraught","Poison draught","Progression: Drugs","ferny.progressiondrugs","500","0","0","","1","0","Make_VFEM2_PoisonDraught","1","VFEM2_PoisonDraught","0","","","0","","1","DankPyon_Alchemy"
"ThematicMetadata","OtherRecipe;NonBuildingThing","Ferny_PotionOfKnowledge","Potion of knowledge","Progression: Drugs","ferny.progressiondrugs","500","0","0","","3","0","Make_DankPyon_KnowledgePotion;Make_DankPyon_Mixture_Knowledge;Make_DankPyon_Mixture_KnowledgeBulk","2","DankPyon_KnowledgePotion;DankPyon_Mixture_Knowledge","0","","","0","","1","DankPyon_Alchemy"
"ThematicMetadata","OtherRecipe;NonBuildingThing","Ferny_PsychiteTreatmentPill","Psychite treatment pill","Progression: Drugs","ferny.progressiondrugs","1500","0","0","","1","0","AT_Make_PsychiteTreatment","1","AT_PsychiteTreatment","0","","","0","","1","AT_AddictionPharmacology"
"ThematicMetadata","OtherRecipe;NonBuildingThing","Ferny_Redspice","Redspice","Progression: Drugs","ferny.progressiondrugs","500","0","0","","1","0","Make_SD_Redspice","1","SD_Redspice","0","","","0","","1","DrugProduction"
"ThematicMetadata","OtherRecipe;NonBuildingThing","Ferny_RoyalJellyDraught","Royal jelly draught","Progression: Drugs","ferny.progressiondrugs","500","0","0","","1","0","Make_VFEM2_RoyalJellyDraught","1","VFEM2_RoyalJellyDraught","0","","","0","","1","DankPyon_Alchemy"
"ThematicMetadata","OtherRecipe;NonBuildingThing","Ferny_ScarletScent","Scarlet scent","Progression: Drugs","ferny.progressiondrugs","500","0","0","","1","0","DA_Make_ScarletScent","1","DA_ScarletScent","0","","","0","","1","VFET_Hunting"
"ThematicMetadata","OtherRecipe;NonBuildingThing","Ferny_ScarodonHeartPotion","Scarodon heart potion","Progression: Drugs","ferny.progressiondrugs","500","0","0","","1","0","MA_Make_ScarodonHeartPotion","1","MA_ScarodonHeartPotion","0","","","0","","1","DankPyon_Alchemy"
"ThematicMetadata","OtherRecipe;NonBuildingThing","Ferny_Shiver","Shiver","Progression: Drugs","ferny.progressiondrugs","500","0","0","","2","0","Make_ShardMethamphetamine;Make_ShardMethamphetamineBulk","1","ShardMethamphetamine","0","","","0","","1","DrugProduction"
"ThematicMetadata","OtherRecipe;NonBuildingThing","Ferny_SivaDustIvory","Sivadust ivory","Progression: Drugs","ferny.progressiondrugs","500","0","0","","1","0","MA_Refine_SivaDustIvory","1","MA_SivaDustIvory","0","","","0","","1","VFET_Hunting"
"ThematicMetadata","OtherRecipe;NonBuildingThing","Ferny_SivaDustIvoryPotion","Sivadust ivory potion","Progression: Drugs","ferny.progressiondrugs","500","0","0","","1","0","MA_Make_SivaDustIvoryPotion","1","MA_SivaDustIvoryPotion","0","","","0","","2","DankPyon_Alchemy;Ferny_SivaDustIvory"
"ThematicMetadata","OtherRecipe;NonBuildingThing","Ferny_SkyfeatherPipe","Skyfeather pipe","Progression: Drugs","ferny.progressiondrugs","500","0","0","","1","0","MA_Prepare_SkyfeatherPipe","1","MA_SkyfeatherPipe","0","","","0","","1","VFET_Hunting"
"ThematicMetadata","OtherRecipe;NonBuildingThing","Ferny_SleepingSicknessVaccine","Sleeping sickness vaccine","Progression: Drugs","ferny.progressiondrugs","1000","0","0","","3","0","Make_Vaccine_SleepingSickness;Make_Vaccine_SleepingSickness_x10;Make_Vaccine_SleepingSickness_x5","1","Vaccine_SleepingSickness","0","","","0","","1","Research_BasicImmunology"
"ThematicMetadata","OtherRecipe;NonBuildingThing","Ferny_SmellingSalts","Smelling salts","Progression: Drugs","ferny.progressiondrugs","500","0","0","","2","0","Make_SSalts;Make_SSaltsBulk","1","SSalts","0","","","0","","1","DrugProduction"
"ThematicMetadata","OtherRecipe;NonBuildingThing","Ferny_SmokeleafJoint","Smokeleaf joint","Progression: Drugs","ferny.progressiondrugs","150","0","0","","2","0","Make_SmokeleafJoint;Make_SmokeleafJointBulk","1","SmokeleafJoint","0","","","0","","1","VFET_Agriculture"
"ThematicMetadata","OtherRecipe;NonBuildingThing","Ferny_SmokeleafTreatmentPill","Smokeleaf treatment pill","Progression: Drugs","ferny.progressiondrugs","1500","0","0","","1","0","AT_Make_SmokeleafTreatment","1","AT_SmokeleafTreatment","0","","","0","","1","AT_AddictionPharmacology"
"ThematicMetadata","OtherRecipe;NonBuildingThing","Ferny_Stardust","Stardust","Progression: Drugs","ferny.progressiondrugs","500","0","0","","4","0","Make_DankPyon_Mixture_Stardust;Make_DankPyon_Mixture_StardustBulk;Make_DankPyon_Stardust;Make_DankPyon_StardustBulk","2","DankPyon_Mixture_Stardust;DankPyon_Stardust","0","","","0","","1","DankPyon_Alchemy"
"ThematicMetadata","OtherRecipe;NonBuildingThing","Ferny_StoneskinDraught","Stoneskin draught","Progression: Drugs","ferny.progressiondrugs","500","0","0","","1","0","Make_VFEM2_StoneskinDraught","1","VFEM2_StoneskinDraught","0","","","0","","1","DankPyon_Alchemy"
"ThematicMetadata","OtherRecipe;NonBuildingThing","Ferny_StrengthDraught","Strength draught","Progression: Drugs","ferny.progressiondrugs","500","0","0","","1","0","Make_VFEM2_StrengthDraught","1","VFEM2_StrengthDraught","0","","","0","","1","DankPyon_Alchemy"
"ThematicMetadata","OtherRecipe;NonBuildingThing","Ferny_ThornweedInfusion","Thornweed infusion","Progression: Drugs","ferny.progressiondrugs","300","0","0","","1","0","MakeThornWeedNeedle","1","ThornWeedNeedle","0","","","0","","1","DrugProduction"
"ThematicMetadata","OtherRecipe;NonBuildingThing","Ferny_ThornweedSerum","Thornweed serum","Progression: Drugs","ferny.progressiondrugs","500","0","0","","2","0","Make_ThornWeedExtract;Make_ThornWeedExtractBulk","1","ThornWeedExtract","0","","","0","","2","MP_BasicUtilityMedicine;MP_CrimsonBulbRefinement"
"ThematicMetadata","OtherRecipe;NonBuildingThing","Ferny_TorturerDraught","Torturer draught","Progression: Drugs","ferny.progressiondrugs","500","0","0","","1","0","Make_VFEM2_TorturerDraught","1","VFEM2_TorturerDraught","0","","","0","","1","DankPyon_Alchemy"
"ThematicMetadata","OtherRecipe;NonBuildingThing","Ferny_Tyrox","Tyrox","Progression: Drugs","ferny.progressiondrugs","500","0","0","","2","0","Make_Tyrox;Make_TyroxBulk","1","Tyrox","0","","","0","","2","MP_BasicUtilityMedicine;MP_CrimsonBulbRefinement"
"ThematicMetadata","OtherRecipe;NonBuildingThing","Ferny_VigorPill","Vigor pill","Progression: Drugs","ferny.progressiondrugs","500","0","0","","4","0","Make_DankPyon_Mixture_VigorPill;Make_DankPyon_Mixture_VigorPillBulk;Make_DankPyon_VigorPill;Make_DankPyon_VigorPillBulk","2","DankPyon_Mixture_VigorPill;DankPyon_VigorPill","0","","","0","","1","DankPyon_Alchemy"
"ThematicMetadata","OtherRecipe;NonBuildingThing","Ferny_VitaminF","Vitamin f","Progression: Drugs","ferny.progressiondrugs","500","0","0","","2","0","Make_FOF_Vitaminf;Make_FOF_VitaminfBulk","1","FOF_Vitaminf","0","","","0","","2","DrugProduction;FOF_Plants"
"ThematicMetadata","OtherRecipe;NonBuildingThing","Ferny_WakeUpTreatmentPill","Wake-up treatment pill","Progression: Drugs","ferny.progressiondrugs","1500","0","0","","1","0","AT_Make_WakeUpTreatment","1","AT_WakeUpTreatment","0","","","0","","1","AT_AddictionPharmacology"
"ThematicMetadata","Terrain","Ferny_Bridge","Bridge","Progression: Furniture","ferny.progressionfurniture","300","0","12","AncientBridge;Bridge;EM_VFEArch_BridgeBasalt;EM_VFEArch_BridgeSchist;EM_VFEArch_BridgeShale;EM_VFEArch_BridgeSiltstone;VFEArch_BridgeConcrete;VFEArch_BridgeGranite;VFEArch_BridgeLimestone;VFEArch_BridgeMarble;VFEArch_BridgeSandstone;VFEArch_BridgeSlate","0","0","","0","","0","","","0","","1","Ferny_Floors"
"ThematicMetadata","Terrain","Ferny_Deck","Deck","Progression: Furniture","ferny.progressionfurniture","200","0","1","WoodenDeck","0","0","","0","","0","","","0","","1","Ferny_Floors"
"GenericFallbackOnly","","Ferny_InteractiveTables","Interactive tables","Progression: Furniture","ferny.progressionfurniture","1600","0","0","","0","0","","0","","0","","","0","","1","Fabrication"
"GenericFallbackOnly","","Ferny_OutdoorSolarLamp","Outdoor solar lamp","Progression: Furniture","ferny.progressionfurniture","1400","0","0","","0","0","","0","","0","","","0","","1","Fabrication"
"ThematicMetadata","OtherRecipe;NonBuildingThing","Ferny_AgaveNectar","Agave nectar","Progression: Kitchen","ferny.progressionkitchen","80","0","0","","1","0","VCE_AgaveNectar","1","VCE_AgaveNectar","0","","","0","","1","VCE_CondimentsResearch"
"ThematicMetadata","OtherRecipe;NonBuildingThing","Ferny_AleBrewing","Ale","Progression: Kitchen","ferny.progressionkitchen","200","0","0","","1","0","DankPyon_Make_WortAle","2","DankPyon_Ale;DankPyon_WortAle","0","","","0","","1","Brewing"
"ThematicMetadata","OtherRecipe;NonBuildingThing","Ferny_BabyFood","Baby food","Progression: Kitchen","ferny.progressionkitchen","200","0","0","","2","0","Make_BabyFood;Make_BabyFoodBulk","1","BabyFood","0","","","0","","1","Ferny_FueledStove"
"ThematicMetadata","OtherRecipe;NonBuildingThing","Ferny_Bakes","Bakes","Progression: Kitchen","ferny.progressionkitchen","500","0","0","","2","0","VCE_CookBakeSimple;VCE_CookBakeSimpleBulk","1","VCE_SimpleBake","0","","","0","","1","Ferny_FueledStove"
"ThematicMetadata","OtherRecipe;NonBuildingThing","Ferny_CaprodkaBrewing","Caprodka","Progression: Kitchen","ferny.progressionkitchen","200","0","0","","1","0","MA_Make_Caprodka","1","MA_Caprodka","0","","","0","","1","Brewing"
"ThematicMetadata","OtherRecipe;NonBuildingThing","Ferny_ChocolateSyrup","Chocolate syrup","Progression: Kitchen","ferny.progressionkitchen","80","0","0","","1","0","VCE_ChocolateSyrup","1","VCE_ChocolateSyrup","0","","","0","","1","VCE_CondimentsResearch"
"ThematicMetadata","OtherRecipe;NonBuildingThing","Ferny_CiderBrewing","Cider","Progression: Kitchen","ferny.progressionkitchen","200","0","0","","1","0","DankPyon_Make_JuiceAppleUnfermented","2","DankPyon_Cider;DankPyon_JuiceAppleUnfermented","0","","","0","","1","Brewing"
"ThematicMetadata","OtherRecipe;NonBuildingThing","Ferny_Desserts","Desserts","Progression: Kitchen","ferny.progressionkitchen","300","0","0","","2","0","VCE_CookDessertSimple;VCE_CookDessertSimpleBulk","1","VCE_SimpleDessert","0","","","0","","1","Ferny_FueledStove"
"ThematicMetadata","OtherRecipe;NonBuildingThing","Ferny_DuskyakultBrewing","Duskyakult","Progression: Kitchen","ferny.progressionkitchen","200","0","0","","1","0","MA_Make_Duskyakult","1","MA_Duskyakult","0","","","0","","1","Brewing"
"ThematicMetadata","OtherRecipe;NonBuildingThing","Ferny_FineBakes","Fine bakes","Progression: Kitchen","ferny.progressionkitchen","500","0","0","","2","0","VCE_CookBakeFine;VCE_CookBakeFineBulk","1","VCE_FineBake","0","","","0","","2","Ferny_Bakes;Ferny_FineMeals"
"ThematicMetadata","OtherRecipe;NonBuildingThing","Ferny_FineDesserts","Fine desserts","Progression: Kitchen","ferny.progressionkitchen","500","0","0","","2","0","VCE_CookDessertFine;VCE_CookDessertFineBulk","1","VCE_FineDessert","0","","","0","","2","Ferny_Desserts;Ferny_FineMeals"
"ThematicMetadata","OtherRecipe;NonBuildingThing","Ferny_FineMeals","Fine meals","Progression: Kitchen","ferny.progressionkitchen","400","0","0","","6","0","CookMealFine;CookMealFineBulk;CookMealFineBulk_Meat;CookMealFineBulk_Veg;CookMealFine_Meat;CookMealFine_Veg","3","MealFine;MealFine_Meat;MealFine_Veg","0","","","0","","1","Ferny_FueledStove"
"ThematicMetadata","OtherRecipe;NonBuildingThing","Ferny_FlourMilling","Flour","Progression: Kitchen","ferny.progressionkitchen","150","0","0","","3","0","DankPyon_CraftFlour;DankPyon_CraftFlourBulk;DankPyon_CraftFlour_Manual","2","DankPyon_Flour;Hay","0","","","0","","1","VFET_Agriculture"
"ThematicMetadata","OtherRecipe;NonBuildingThing","Ferny_GoJuiceStock","Go-juice stock","Progression: Kitchen","ferny.progressionkitchen","80","0","0","","1","0","VBE_MakeGoJuiceStock","1","VBE_GoJuiceStock","0","","","0","","1","VCE_CondimentsResearch"
"ThematicMetadata","OtherRecipe;NonBuildingThing","Ferny_GourmetBakes","Gourmet bakes","Progression: Kitchen","ferny.progressionkitchen","1000","0","0","","1","0","VCE_CookBakeGourmet","1","VCE_GourmetBake","0","","","0","","2","Ferny_GourmetMeals;Ferny_LavishBakes"
"ThematicMetadata","OtherRecipe;NonBuildingThing","Ferny_GourmetDesserts","Gourmet desserts","Progression: Kitchen","ferny.progressionkitchen","1000","0","0","","1","0","VCE_CookDessertGourmet","1","VCE_GourmetDessert","0","","","0","","2","Ferny_GourmetMeals;Ferny_LavishDesserts"
"ThematicMetadata","OtherRecipe;NonBuildingThing","Ferny_GourmetMeals","Gourmet meals","Progression: Kitchen","ferny.progressionkitchen","800","0","0","","1","0","VCE_CookMealGourmet","1","VCE_MealGourmet","0","","","0","","1","Ferny_LavishMeals"
"ThematicMetadata","OtherRecipe;NonBuildingThing","Ferny_GriffonBerryWine","Griffon berry wine","Progression: Kitchen","ferny.progressionkitchen","200","0","0","","1","0","DankPyon_MakeMustGriffon","2","DankPyon_MustWine_Griffon;DankPyon_Wine_Griffon","0","","","0","","1","Brewing"
"ThematicMetadata","OtherRecipe;NonBuildingThing","Ferny_HotSauce","Hot sauce","Progression: Kitchen","ferny.progressionkitchen","80","0","0","","1","0","VCE_HotSauce","1","VCE_HotSauce","0","","","0","","1","VCE_CondimentsResearch"
"ThematicMetadata","OtherRecipe;NonBuildingThing","Ferny_InsectJellySweetener","Insect jelly sweetener","Progression: Kitchen","ferny.progressionkitchen","80","0","0","","1","0","VCE_InsectJellyPreserves","1","VCE_InsectJellyPreserves","0","","","0","","1","VCE_CondimentsResearch"
"ThematicMetadata","OtherRecipe;NonBuildingThing","Ferny_KarhanBrewing","Karhan","Progression: Kitchen","ferny.progressionkitchen","200","0","0","","1","0","DA_Make_Karhan","1","DA_Karhan","0","","","0","","1","Brewing"
"ThematicMetadata","OtherRecipe;NonBuildingThing","Ferny_LavishBakes","Lavish bakes","Progression: Kitchen","ferny.progressionkitchen","800","0","0","","2","0","VCE_CookBakeLavish;VCE_CookBakeLavishBulk","1","VCE_LavishBake","0","","","0","","2","Ferny_FineBakes;Ferny_LavishMeals"
"ThematicMetadata","OtherRecipe;NonBuildingThing","Ferny_LavishDesserts","Lavish desserts","Progression: Kitchen","ferny.progressionkitchen","800","0","0","","2","0","VCE_CookDessertLavish;VCE_CookDessertLavishBulk","1","VCE_LavishDessert","0","","","0","","2","Ferny_FineDesserts;Ferny_LavishMeals"
"ThematicMetadata","OtherRecipe;NonBuildingThing","Ferny_LavishMeals","Lavish meals","Progression: Kitchen","ferny.progressionkitchen","700","0","0","","6","0","CookMealLavish;CookMealLavishBulk;CookMealLavishBulk_Meat;CookMealLavishBulk_Veg;CookMealLavish_Meat;CookMealLavish_Veg","3","MealLavish;MealLavish_Meat;MealLavish_Veg","0","","","0","","1","Ferny_FineMeals"
"ThematicMetadata","OtherRecipe;NonBuildingThing","Ferny_LuciferiumPowder","Luciferium powder","Progression: Kitchen","ferny.progressionkitchen","80","0","0","","1","0","VBE_MakeLuciferiumPowder","1","VBE_LuciferiumPowder","0","","","0","","1","VCE_CondimentsResearch"
"ThematicMetadata","OtherRecipe;NonBuildingThing","Ferny_Mayo","Mayo","Progression: Kitchen","ferny.progressionkitchen","80","0","0","","1","0","VCE_Mayo","1","VCE_Mayo","0","","","0","","1","VCE_CondimentsResearch"
"ThematicMetadata","NonBuildingThing","Ferny_MeadBrewing","Mead","Progression: Kitchen","ferny.progressionkitchen","200","0","0","","0","0","","1","DankPyon_Mead","0","","","0","","1","Brewing"
"ThematicMetadata","OtherRecipe;NonBuildingThing","Ferny_MulberryWine","Mulberry wine","Progression: Kitchen","ferny.progressionkitchen","200","0","0","","1","0","DankPyon_MakeMustMulberry","2","DankPyon_MustWine_Mulberry;DankPyon_Wine_Mulberry","0","","","0","","1","Brewing"
"ThematicMetadata","OtherRecipe;NonBuildingThing","Ferny_PackagedRations","Packaged rations","Progression: Kitchen","ferny.progressionkitchen","700","0","0","","4","0","DankPyon_CookMealRations;DankPyon_CookMealRationsBulk;DankPyon_CookMealRationsVegan;DankPyon_CookMealRationsVeganBulk","2","DankPyon_MealRations;DankPyon_MealRationsVegetarian","0","","","0","","1","Pemmican"
"ThematicMetadata","OtherRecipe;NonBuildingThing","Ferny_SimpleMeals","Simple meals","Progression: Kitchen","ferny.progressionkitchen","200","0","0","","2","0","CookMealSimple;CookMealSimpleBulk","1","MealSimple","0","","","0","","1","VFET_Fire"
"ThematicMetadata","OtherRecipe;NonBuildingThing","Ferny_SmokeleafButter","Smokeleaf butter","Progression: Kitchen","ferny.progressionkitchen","80","0","0","","1","0","VCE_SmokeleafButter","1","VCE_SmokeleafButter","0","","","0","","1","VCE_CondimentsResearch"
"ThematicMetadata","OtherRecipe;NonBuildingThing","Ferny_SugarMilling","Sugar","Progression: Kitchen","ferny.progressionkitchen","150","0","0","","3","0","DankPyon_CraftSugar;DankPyon_CraftSugarBulk;DankPyon_CraftSugar_Manual","1","DankPyon_Sugar","0","","","0","","1","VFET_Agriculture"
"ThematicMetadata","OtherRecipe;NonBuildingThing","Ferny_WakeUpPowder","Wake-up powder","Progression: Kitchen","ferny.progressionkitchen","80","0","0","","1","0","VBE_MakeWakeUpPowder","1","VBE_WakeUpPowder","0","","","0","","1","VCE_CondimentsResearch"
"ThematicMetadata","OtherRecipe;NonBuildingThing","Ferny_WasabiPaste","Wasabi paste","Progression: Kitchen","ferny.progressionkitchen","80","0","0","","1","0","VCE_WasabiPaste","1","VCE_WasabiPaste","0","","","0","","1","VCE_CondimentsResearch"
"ThematicMetadata","OtherRecipe;NonBuildingThing","Ferny_Agrihand","Agrihand","Progression: Robotics","ferny.progressionrobotics2","500","0","0","","1","0","Agrihand","1","Mech_Agrihand","0","","","0","","1","BasicMechtech"
"ThematicMetadata","OtherRecipe;NonBuildingThing","Ferny_Aide","Aide","Progression: Robotics","ferny.progressionrobotics2","1500","0","0","","1","0","IM_Aide","1","IM_Mech_Aide","0","","","0","","1","HighMechtech"
"ThematicMetadata","OtherRecipe;NonBuildingThing","Ferny_AirwireHeadset","Airwire headset","Progression: Robotics","ferny.progressionrobotics2","300","0","0","","1","0","Make_Apparel_AirwireHeadset","1","Apparel_AirwireHeadset","0","","","0","","1","BasicMechtech"
"ThematicMetadata","OtherRecipe;NonBuildingThing","Ferny_Apoptosis","Apoptosis","Progression: Robotics","ferny.progressionrobotics2","5000","0","0","","1","0","AM_ApoptosisRecipe","1","AM_Apoptosis","0","","","0","","1","AM_Cryptoharmonization"
"ThematicMetadata","OtherRecipe;NonBuildingThing","Ferny_ArrayHeadset","Array headset","Progression: Robotics","ferny.progressionrobotics2","800","0","0","","1","0","Make_Apparel_ArrayHeadset","1","Apparel_ArrayHeadset","0","","","0","","1","Ferny_AirwireHeadset"
"ThematicMetadata","OtherRecipe;NonBuildingThing","Ferny_Artilleron","Artilleron","Progression: Robotics","ferny.progressionrobotics2","800","0","0","","1","0","AM_ArtilleronRecipe","1","AM_Mech_Artilleron","0","","","0","","2","Ferny_Bellicor;Ferny_Militor"
"ThematicMetadata","OtherRecipe;NonBuildingThing","Ferny_Aura","Aura","Progression: Robotics","ferny.progressionrobotics2","1000","0","0","","1","0","AM_AuraRecipe","1","AM_Aura","0","","","0","","1","StandardMechtech"
"ThematicMetadata","OtherRecipe;NonBuildingThing","Ferny_BandwidthPack","Bandwidth pack","Progression: Robotics","ferny.progressionrobotics2","400","0","0","","1","0","Make_Apparel_PackBandwidth","1","Apparel_PackBandwidth","0","","","0","","1","BasicMechtech"
"ThematicMetadata","OtherRecipe;NonBuildingThing","Ferny_BattleDrone","Battle drone","Progression: Robotics","ferny.progressionrobotics2","900","0","0","","1","0","VQE_AssembleBattleDrone","1","VQE_UnfinishedDroneSpawner_BattleDrone","0","","","0","","1","VQE_Dronetech"
"ThematicMetadata","OtherRecipe;NonBuildingThing","Ferny_Bellicor","Bellicor","Progression: Robotics","ferny.progressionrobotics2","800","0","0","","1","0","AM_BellicorRecipe","1","AM_Mech_Bellicor","0","","","0","","1","Ferny_Militor"
"ThematicMetadata","OtherRecipe;NonBuildingThing","Ferny_Berserker","Berserker","Progression: Robotics","ferny.progressionrobotics2","1500","0","0","","1","0","IM_Berserker","1","IM_Mech_Berserker","0","","","0","","1","HighMechtech"
"ThematicMetadata","OtherRecipe;NonBuildingThing","Ferny_Blitzkrieg","Blitzkrieg","Progression: Robotics","ferny.progressionrobotics2","500","0","0","","1","0","AM_BlitzkriegRecipe","1","AM_Blitzkrieg","0","","","0","","1","BasicMechtech"
"ThematicMetadata","OtherRecipe;NonBuildingThing","Ferny_Bombardier","Bombardier","Progression: Robotics","ferny.progressionrobotics2","1500","0","0","","1","0","IM_Bombardier","1","IM_Mech_Bombardier","0","","","0","","1","HighMechtech"
"ThematicMetadata","OtherRecipe;NonBuildingThing","Ferny_BroadcasterDrone","Broadcaster drone","Progression: Robotics","ferny.progressionrobotics2","900","0","0","","1","0","VQE_AssembleAutobroadcasterDrone","1","VQE_UnfinishedDroneSpawner_AutobroadcasterDrone","0","","","0","","1","VQE_Dronetech"
"ThematicMetadata","OtherRecipe;NonBuildingThing","Ferny_CentipedeBlaster","Centipede blaster","Progression: Robotics","ferny.progressionrobotics2","3000","0","0","","1","0","CentipedeBlaster","1","Mech_CentipedeBlaster","0","","","0","","2","Ferny_Centipedes;UltraMechtech"
"ThematicMetadata","OtherRecipe;NonBuildingThing","Ferny_Centipedes","Centipedes","Progression: Robotics","ferny.progressionrobotics2","1500","0","0","","2","0","CentipedeBurner;CentipedeGunner","2","Mech_CentipedeBurner;Mech_CentipedeGunner","0","","","0","","1","HighMechtech"
"ThematicMetadata","OtherRecipe;NonBuildingThing","Ferny_Cleansweeper","Cleansweeper","Progression: Robotics","ferny.progressionrobotics2","500","0","0","","1","0","Cleansweeper","1","Mech_Cleansweeper","0","","","0","","1","BasicMechtech"
"ThematicMetadata","OtherRecipe;NonBuildingThing","Ferny_Constrictor","Constrictor","Progression: Robotics","ferny.progressionrobotics2","1500","0","0","","1","0","IM_Constrictor","1","IM_Mech_Constrictor","0","","","0","","1","HighMechtech"
"ThematicMetadata","OtherRecipe;NonBuildingThing","Ferny_ControlPack","Control pack","Progression: Robotics","ferny.progressionrobotics2","400","0","0","","1","0","Make_Apparel_PackControl","1","Apparel_PackControl","0","","","0","","1","BasicMechtech"
"ThematicMetadata","OtherRecipe;NonBuildingThing","Ferny_ControlSublink","Control sublink","Progression: Robotics","ferny.progressionrobotics2","1000","0","0","","1","0","Make_ControlSublink","1","ControlSublink","0","","","0","","1","BasicMechtech"
"ThematicMetadata","OtherRecipe;NonBuildingThing","Ferny_ControlSublinkHigh","Control sublink (high)","Progression: Robotics","ferny.progressionrobotics2","1500","0","0","","1","0","Make_ControlSublinkHigh","1","ControlSublinkHigh","0","","","0","","1","Ferny_ControlSublink"
"ThematicMetadata","OtherRecipe;NonBuildingThing","Ferny_Culinarius","Culinarius","Progression: Robotics","ferny.progressionrobotics2","500","0","0","","1","0","AM_Mech_MasterChefRecipe","1","AM_Mech_MasterChef","0","","","0","","1","BasicMechtech"
"ThematicMetadata","OtherRecipe;NonBuildingThing","Ferny_Cyclops","Cyclops","Progression: Robotics","ferny.progressionrobotics2","1000","0","0","","1","0","Cyclops","1","Mech_Cyclops","0","","","0","","1","StandardMechtech"
"ThematicMetadata","OtherRecipe;NonBuildingThing","Ferny_Demolisher","Demolisher","Progression: Robotics","ferny.progressionrobotics2","1500","0","0","","1","0","AM_DemolisherRecipe","1","AM_Demolisher","0","","","0","","1","HighMechtech"
"ThematicMetadata","OtherRecipe;NonBuildingThing","Ferny_Diabolus","Diabolus","Progression: Robotics","ferny.progressionrobotics2","1500","0","0","","1","0","Diabolus","1","Mech_Diabolus","0","","","0","","1","HighMechtech"
"ThematicMetadata","OtherRecipe;NonBuildingThing","Ferny_Fabricor","Fabricor","Progression: Robotics","ferny.progressionrobotics2","1500","0","0","","1","0","Fabricor","1","Mech_Fabricor","0","","","0","","1","HighMechtech"
"ThematicMetadata","OtherRecipe;NonBuildingThing","Ferny_Fireworm","Fireworm","Progression: Robotics","ferny.progressionrobotics2","1500","0","0","","1","0","AM_FirewormRecipe","1","AM_Fireworm","0","","","0","","1","HighMechtech"
"ThematicMetadata","OtherRecipe;NonBuildingThing","Ferny_HaulerDrone","Hauler drone","Progression: Robotics","ferny.progressionrobotics2","900","0","0","","1","0","VQE_AssembleHaulerDrone","1","VQE_UnfinishedDroneSpawner_HaulerDrone","0","","","0","","1","VQE_Dronetech"
"ThematicMetadata","OtherRecipe;NonBuildingThing","Ferny_Infernus","Infernus","Progression: Robotics","ferny.progressionrobotics2","3000","0","0","","1","0","AM_InfernusRecipe","1","AM_Infernus","0","","","0","","1","AM_Cryptoharmonization"
"ThematicMetadata","OtherRecipe;NonBuildingThing","Ferny_Infiltrator","Infiltrator","Progression: Robotics","ferny.progressionrobotics2","1500","0","0","","1","0","IM_Infiltrator","1","IM_Mech_Infiltrator","0","","","0","","1","HighMechtech"
"ThematicMetadata","OtherRecipe;NonBuildingThing","Ferny_IntegratorHeadset","Integrator headset","Progression: Robotics","ferny.progressionrobotics2","1500","0","0","","1","0","Make_Apparel_IntegratorHeadset","1","Apparel_IntegratorHeadset","0","","","0","","1","Ferny_ArrayHeadset"
"ThematicMetadata","OtherRecipe;NonBuildingThing","Ferny_Legionary","Legionary","Progression: Robotics","ferny.progressionrobotics2","3000","0","0","","1","0","Legionary","1","Mech_Legionary","0","","","0","","1","UltraMechtech"
"ThematicMetadata","OtherRecipe;NonBuildingThing","Ferny_Lux","Lux","Progression: Robotics","ferny.progressionrobotics2","1000","0","0","","1","0","AM_LuxRecipe","1","AM_Mech_Lux","0","","","0","","1","StandardMechtech"
"ThematicMetadata","OtherRecipe;NonBuildingThing","Ferny_MechCommanderHelmet","Mechcommander helmet","Progression: Robotics","ferny.progressionrobotics2","1000","0","0","","1","0","Make_Apparel_ArmorHelmetMechCommander","1","Apparel_ArmorHelmetMechCommander","0","","","0","","1","Ferny_ArrayHeadset"
"ThematicMetadata","OtherRecipe;NonBuildingThing","Ferny_MechGestationProcessor","Mech gestation processor","Progression: Robotics","ferny.progressionrobotics2","700","0","0","","1","0","Make_MechFormfeeder","1","MechFormfeeder","0","","","0","","1","BasicMechtech"
"ThematicMetadata","OtherRecipe;NonBuildingThing","Ferny_MechMasterHelmet","Mech master helmet","Progression: Robotics","ferny.progressionrobotics2","4000","0","0","","1","0","Make_AM_MechCommanderHelm","1","AM_MechCommanderHelm","0","","","0","","1","Ferny_MechCommanderHelmet"
"ThematicMetadata","OtherRecipe;NonBuildingThing","Ferny_MechlordSuit","Mechlord suit","Progression: Robotics","ferny.progressionrobotics2","3000","0","0","","4","0","Make_AM_Apparel_ArmorHelmetMechlordHelmet_Prestige;Make_AM_Apparel_MechlordSuit_Prestige;Make_Apparel_ArmorHelmetMechlordHelmet;Make_Apparel_MechlordSuit","4","AM_Apparel_ArmorHelmetMechlordHelmet_Prestige;AM_Apparel_MechlordSuit_Prestige;Apparel_ArmorHelmetMechlordHelmet;Apparel_MechlordSuit","0","","","0","","1","UltraMechtech"
"ThematicMetadata","OtherRecipe;NonBuildingThing","Ferny_Militor","Militor","Progression: Robotics","ferny.progressionrobotics2","500","0","0","","1","0","Militor","1","Mech_Militor","0","","","0","","1","BasicMechtech"
"ThematicMetadata","OtherRecipe;NonBuildingThing","Ferny_MinerDrone","Miner drone","Progression: Robotics","ferny.progressionrobotics2","900","0","0","","1","0","VQE_AssembleMinerDrone","1","VQE_UnfinishedDroneSpawner_MinerDrone","0","","","0","","1","VQE_Dronetech"
"ThematicMetadata","OtherRecipe;NonBuildingThing","Ferny_Munifex","Munifex","Progression: Robotics","ferny.progressionrobotics2","1000","0","0","","1","0","AM_MunifexRecipe","1","AM_Mech_Munifex","0","","","0","","1","StandardMechtech"
"ThematicMetadata","OtherRecipe;NonBuildingThing","Ferny_Optio","Optio","Progression: Robotics","ferny.progressionrobotics2","1000","0","0","","1","0","AM_OptioRecipe","1","AM_Mech_Optio","0","","","0","","1","StandardMechtech"
"ThematicMetadata","OtherRecipe;NonBuildingThing","Ferny_Paramedic","Paramedic","Progression: Robotics","ferny.progressionrobotics2","1500","0","0","","1","0","Paramedic","1","Mech_Paramedic","0","","","0","","1","HighMechtech"
"ThematicMetadata","OtherRecipe;NonBuildingThing","Ferny_Phalanx","Phalanx","Progression: Robotics","ferny.progressionrobotics2","1500","0","0","","1","0","AM_PhalanxRecipe","1","AM_Phalanx","0","","","0","","1","HighMechtech"
"ThematicMetadata","OtherRecipe;NonBuildingThing","Ferny_Pikeman","Pikeman","Progression: Robotics","ferny.progressionrobotics2","1000","0","0","","1","0","Pikeman","1","Mech_Pikeman","0","","","0","","1","StandardMechtech"
"ThematicMetadata","OtherRecipe;NonBuildingThing","Ferny_Polychoron","Polychoron","Progression: Robotics","ferny.progressionrobotics2","1000","0","0","","1","0","AM_PolychoronRecipe","1","AM_Mech_Polychoron","0","","","0","","1","StandardMechtech"
"ThematicMetadata","OtherRecipe;NonBuildingThing","Ferny_PristineBiomechs","Modified biomechs","Progression: Robotics","ferny.progressionrobotics2","1000","0","0","","3","0","AM_PristineAssemblerRecipe;AM_PristineSlurrypedeRecipe;AM_PristineStriderRecipe","3","AM_Mech_PristineAssembler;AM_Mech_PristineSlurrypede;AM_PristineStrider","0","","","0","","1","StandardMechtech"
"ThematicMetadata","OtherRecipe;NonBuildingThing","Ferny_RemoteRepairer","Remote repairer","Progression: Robotics","ferny.progressionrobotics2","1500","0","0","","1","0","Make_RemoteRepairer","1","RemoteRepairer","0","","","0","","1","HighMechtech"
"ThematicMetadata","OtherRecipe;NonBuildingThing","Ferny_RemoteShielder","Remote shielder","Progression: Robotics","ferny.progressionrobotics2","1500","0","0","","1","0","Make_RemoteShielder","1","RemoteShielder","0","","","0","","1","HighMechtech"
"ThematicMetadata","OtherRecipe;NonBuildingThing","Ferny_RepairProbe","Repair probe","Progression: Robotics","ferny.progressionrobotics2","3000","0","0","","1","0","Make_RepairProbe","1","RepairProbe","0","","","0","","1","UltraMechtech"
"ThematicMetadata","OtherRecipe;NonBuildingThing","Ferny_Ripper","Ripper","Progression: Robotics","ferny.progressionrobotics2","1000","0","0","","1","0","IM_Ripper","1","IM_Mech_Ripper","0","","","0","","1","StandardMechtech"
"ThematicMetadata","OtherRecipe;NonBuildingThing","Ferny_Scorcher","Scorcher","Progression: Robotics","ferny.progressionrobotics2","1000","0","0","","1","0","Scorcher","1","Mech_Scorcher","0","","","0","","1","StandardMechtech"
"ThematicMetadata","OtherRecipe;NonBuildingThing","Ferny_Siegemelter","Siegemelter","Progression: Robotics","ferny.progressionrobotics2","4000","0","0","","1","0","AM_SiegemelterRecipe","1","AM_Siegemelter","0","","","0","","2","AM_QuantumPulseMessaging;AM_UltraHeavyMechtech"
"ThematicMetadata","OtherRecipe;NonBuildingThing","Ferny_Skirmisher","Skirmisher","Progression: Robotics","ferny.progressionrobotics2","1000","0","0","","1","0","IM_Skirmisher","1","IM_Mech_Skirmisher","0","","","0","","1","StandardMechtech"
"ThematicMetadata","OtherRecipe;NonBuildingThing","Ferny_Surrogate","Surrogate","Progression: Robotics","ferny.progressionrobotics2","1000","0","0","","1","0","Surrogate","1","Mech_Surrogate","0","","","0","","1","StandardMechtech"
"ThematicMetadata","OtherRecipe;NonBuildingThing","Ferny_SystemInterlink","System interlink","Progression: Robotics","ferny.progressionrobotics2","1500","0","0","","1","0","Make_IM_SystemInterlink","1","IM_SystemInterlink","0","","","0","","1","HighMechtech"
"ThematicMetadata","OtherRecipe;NonBuildingThing","Ferny_Templar","Templar","Progression: Robotics","ferny.progressionrobotics2","1500","0","0","","1","0","IM_Templar","1","IM_Mech_Templar","0","","","0","","1","HighMechtech"
"ThematicMetadata","OtherRecipe;NonBuildingThing","Ferny_Tesseron","Tesseron","Progression: Robotics","ferny.progressionrobotics2","3000","0","0","","1","0","Tesseron","1","Mech_Tesseron","0","","","0","","1","UltraMechtech"
"ThematicMetadata","OtherRecipe;NonBuildingThing","Ferny_Tunneler","Tunneler","Progression: Robotics","ferny.progressionrobotics2","1000","0","0","","1","0","Tunneler","1","Mech_Tunneler","0","","","0","","1","StandardMechtech"
"ThematicMetadata","OtherRecipe;NonBuildingThing","Ferny_Turbocleaner","Turbocleaner","Progression: Robotics","ferny.progressionrobotics2","800","0","0","","1","0","AM_Mech_TurboCleanerRecipe","1","AM_Mech_TurboCleaner","0","","","0","","1","Ferny_Cleansweeper"
"ThematicMetadata","OtherRecipe;NonBuildingThing","Ferny_TurretDrone","Turret drone","Progression: Robotics","ferny.progressionrobotics2","900","0","0","","1","0","VQE_AssembleTurretDrone","1","VQE_UnfinishedDroneSpawner_TurretDrone","0","","","0","","1","VQE_Dronetech"
"ThematicMetadata","OtherRecipe;NonBuildingThing","Ferny_VoidlinkPack","Voidlink pack","Progression: Robotics","ferny.progressionrobotics2","4000","0","0","","1","0","Make_AM_VoidlinkPack","1","AM_VoidlinkPack","0","","","0","","1","AM_VoidLinkConnectivity"
"ThematicMetadata","OtherRecipe;NonBuildingThing","Ferny_WarQueen","War queen","Progression: Robotics","ferny.progressionrobotics2","3000","0","0","","1","0","Warqueen","1","Mech_Warqueen","0","","","0","","1","UltraMechtech"
"GenericFallbackOnly","","WarrantNetwork","Warrant network","Progression: Warrants","ferny.progressionwarrants","500","0","0","","0","0","","0","","0","","","0","","1","VFET_Culture"
"ThematicMetadata","OtherRecipe;NonBuildingThing","AC_AdvancedShieldBelt","Advanced shields","Altered Carbon 2: ReSleeved","hlx.UltratechAlteredCarbon","6000","0","0","","1","0","Make_AC_CuirassierBelt","1","AC_CuirassierBelt","0","","","0","","2","Fabrication;ShieldBelt"
"ThematicMetadata","OtherRecipe;NonBuildingThing","AC_ChrysalisPoweredArmor","Chrysalis armor","Altered Carbon 2: ReSleeved","hlx.UltratechAlteredCarbon","9000","0","0","","7","0","Make_AC_Apparel_ChrysalisArmor;Make_AC_Apparel_ChrysalisHelmet;Make_AC_Apparel_DragoonArmor;Make_AC_Apparel_DragoonHelmet;Make_AC_Apparel_FusilierArmor;Make_AC_Apparel_FusilierHelmet;Make_AC_Apparel_LancierHelmet","7","AC_Apparel_ChrysalisArmor;AC_Apparel_ChrysalisHelmet;AC_Apparel_DragoonArmor;AC_Apparel_DragoonHelmet;AC_Apparel_FusilierArmor;AC_Apparel_FusilierHelmet;AC_Apparel_LancierHelmet","0","","","0","","1","PoweredArmor"
"ThematicMetadata","OtherRecipe;NonBuildingThing","AC_MentalFortification","Mental fortification","Altered Carbon 2: ReSleeved","hlx.UltratechAlteredCarbon","4000","0","0","","1","0","Make_AC_MentalFuse","1","AC_MentalFuse","0","","","0","","1","Fabrication"
"ThematicMetadata","OtherRecipe","AC_NeuralEditing","Neural editing","Altered Carbon 2: ReSleeved","hlx.UltratechAlteredCarbon","5000","0","0","","2","0","AC_EditActiveNeuralStack;AC_EditActiveNeuralStackPawn","0","","0","","","0","","1","AC_NeuralDigitalization"
"GenericFallbackOnly","","AC_PsytrainerProduction","Psytrainer production","Altered Carbon 2: ReSleeved","hlx.UltratechAlteredCarbon","8000","0","0","","0","0","","0","","0","","","0","","1","AC_NeuralDigitalization"
"ThematicMetadata","OtherRecipe;NonBuildingThing","AC_REMEnchanment","REM-sleep enhancement","Altered Carbon 2: ReSleeved","hlx.UltratechAlteredCarbon","2000","0","0","","1","0","Make_AC_Dreamcatcher","1","AC_Dreamcatcher","0","","","0","","1","Fabrication"
"ThematicMetadata","OtherRecipe;NonBuildingThing","AC_RogianArmaments","Rogian armaments","Altered Carbon 2: ReSleeved","hlx.UltratechAlteredCarbon","6000","0","0","","1","0","Make_AC_RogianArmBlade","1","AC_RogianArmBlade","0","","","0","","1","Fabrication"
"GenericFallbackOnly","","AC_SkilltrainerProduction","Skilltrainer production","Altered Carbon 2: ReSleeved","hlx.UltratechAlteredCarbon","8000","0","0","","0","0","","0","","0","","","0","","1","AC_NeuralDigitalization"
"ThematicMetadata","OtherRecipe;NonBuildingThing","AC_VocalSynthesis","Vocal synthesis","Altered Carbon 2: ReSleeved","hlx.UltratechAlteredCarbon","2000","0","0","","1","0","Make_AC_VoiceSynthesizer","1","AC_VoiceSynthesizer","0","","","0","","1","Fabrication"
"CustomResearchModOnly","CustomResearchMod","PowerManagement","Power management","Colony Manager Redux","ilyvion.colonymanagerredux","1000","0","0","","0","0","","0","","0","","","1","ColonyManagerRedux.Managers.UnlockPowerTab","1","ManagingSoftware"
"CustomResearchModOnly","CustomResearchMod","FluffyBreakdowns_ComponentLifetimeOne","Hardened components","Fluffy Breakdowns 1.6 (fork with VGrE support)","linnun.fluffybreakdowns","2000","0","0","","0","0","","0","","0","","","1","Fluffy_Breakdowns.ComponentLifetimeOne","1","Electricity"
"CustomResearchModOnly","CustomResearchMod","FluffyBreakdowns_ComponentLifetimeTwo","Nano-infused components","Fluffy Breakdowns 1.6 (fork with VGrE support)","linnun.fluffybreakdowns","3000","0","0","","0","0","","0","","0","","","1","Fluffy_Breakdowns.ComponentLifetimeTwo","2","FluffyBreakdowns_ComponentLifetimeOne;MultiAnalyzer"
"ThematicMetadata","SurgeryRecipe","AnalgesialLobotomy","Analgesial lobotomy","Integrated Implants","lts.I","0","0","0","","1","1","AnalgesialLobotomy","0","","0","","","0","","1","BioferriteShaping"
"ThematicMetadata","OtherRecipe;NonBuildingThing","BlacksightDevice","Blacksight device","Integrated Implants","lts.I","0","0","0","","1","0","Make_BlacksightDevice","1","BlacksightDevice","0","","","0","","1","DisruptorFlares"
"ThematicMetadata","OtherRecipe;NonBuildingThing","DeadlifeCoil","Deadlife coil","Integrated Implants","lts.I","0","0","0","","1","0","Make_DeadlifeCollar","1","DeadlifeCollar","0","","","0","","1","DeadlifeDust"
"ThematicMetadata","OtherRecipe;NonBuildingThing","DefensiveImpaler","Retributive impaler","Integrated Implants","lts.I","0","0","0","","1","0","Make_DefensiveImpaler","1","DefensiveImpaler","0","","","0","","1","BioferriteShaping"
"ThematicMetadata","OtherRecipe;NonBuildingThing","DreadheartRegeneration","Dreadheart regeneration","Integrated Implants","lts.I","0","0","0","","1","0","Make_Dreadheart","1","Dreadheart","0","","","0","","1","DisruptorFlares"
"ThematicMetadata","SurgeryRecipe","DroneLobotomy","Sangfroidian lobotomy","Integrated Implants","lts.I","0","0","0","","1","1","DroneLobotomy","0","","0","","","0","","1","BioferriteShaping"
"ThematicMetadata","SurgeryRecipe","HulkificationSurgery","Hulkification surgery","Integrated Implants","lts.I","0","0","0","","1","1","HulkificationSurgery","0","","0","","","0","","1","BioferriteShaping"
"ThematicMetadata","OtherRecipe;NonBuildingThing","HyperAdrenalineGland","Hyper-adrenaline","Integrated Implants","lts.I","0","0","0","","1","0","Make_HyperAdrenalineGland","1","HyperAdrenalineGland","0","","","0","","1","BioferriteShaping"
"ThematicMetadata","OtherRecipe;NonBuildingThing","HyperalkalaicArchites","Hyperalkalaic archites","Integrated Implants","lts.I","0","0","0","","1","0","Make_DeacidifierMembrane","1","DeacidifierMembrane","0","","","0","","1","BioferriteShaping"
"ThematicMetadata","OtherRecipe;NonBuildingThing","I_BasicHormonalImplants","Hormonal implants","Integrated Implants","lts.I","1200","0","0","","2","0","Make_CryptoWakeImplant;Make_LactoStimulator","2","CryptoWakeImplant;LactoStimulator","0","","","0","","0",""
"ThematicMetadata","OtherRecipe;NonBuildingThing","I_BasicImplants","Mechanical implants","Integrated Implants","lts.I","1200","0","0","","2","0","Make_InternalClimateControlImplant;Make_SkeletalBracing","2","InternalClimateControlImplant;SkeletalBracing","0","","","0","","0",""
"ThematicMetadata","OtherRecipe;NonBuildingThing","I_Biomimicry","Cellular manipulation","Integrated Implants","lts.I","4000","0","0","","2","0","Make_BiochameleonDevice;Make_LTS_CellularAdapter","2","BiochameleonDevice;LTS_CellularAdapter","0","","","0","","0",""
"ThematicMetadata","OtherRecipe;NonBuildingThing","I_BionicTails","Bionic tails","Integrated Implants","lts.I","2000","0","0","","3","0","Make_LTS_BionicTail;Make_LTS_ManipulationTail;Make_LTS_ScorpionTail","3","LTS_BionicTail;LTS_ManipulationTail;LTS_ScorpionTail","0","","","0","","0",""
"ThematicMetadata","OtherRecipe;NonBuildingThing","I_CaptiveControl","Remote activation","Integrated Implants","lts.I","1000","0","0","","3","0","Make_LTS_BrainDetonator;Make_LTS_NeuralStunner;Make_LTS_Voicelock","3","LTS_BrainDetonator;LTS_NeuralStunner;LTS_Voicelock","0","","","0","","1","MicroelectronicsBasics"
"ThematicMetadata","OtherRecipe;NonBuildingThing","I_CranialInsulation","Electromagnetic insulation","Integrated Implants","lts.I","2000","0","0","","1","0","Make_CranialInsulation","1","CranialInsulation","0","","","0","","0",""
"ThematicMetadata","OtherRecipe;NonBuildingThing;Techprint","I_EltexAugmentation","Eltex augmentation","Integrated Implants","lts.I","4000","0","0","","2","0","Make_EltexAdornments;Make_NeuralHeatsink","2","EltexAdornments;NeuralHeatsink","0","","Techprint_I_EltexAugmentation","0","","0",""
"ThematicMetadata","SurgeryRecipe","I_ExtraArms","Extra limbs","Integrated Implants","lts.I","3000","0","0","","30","30","InstallLeftAdvancedExtraDrillArm;InstallLeftExtraAdvancedBionicArm;InstallLeftExtraAdvancedFieldHand;InstallLeftExtraAdvancedPowerArm;InstallLeftExtraArchotechArm;InstallLeftExtraBionicArm;InstallLeftExtraDeadlifeVenomClaw;InstallLeftExtraDrillArm;InstallLeftExtraFieldHand;InstallLeftExtraNerveShredderClaw;InstallLeftExtraPowerArm;InstallLeftExtraPowerClaw;InstallRightAdvancedExtraDrillArm;InstallRightExtraAdvancedBionicArm;InstallRightExtraAdvancedFieldHand;InstallRightExtraAdvancedPowerArm;InstallRightExtraArchotechArm;InstallRightExtraBionicArm;InstallRightExtraDeadlifeVenomClaw;InstallRightExtraDrillArm;InstallRightExtraFieldHand;InstallRightExtraNerveShredderClaw;InstallRightExtraPowerArm;InstallRightExtraPowerClaw;LTS_EPOE_InstallLeftExtraAdvancedBionicHand;LTS_EPOE_InstallLeftExtraAdvancedElbowBlade;LTS_EPOE_InstallLeftExtraAdvancedHandTalon;LTS_EPOE_InstallRightExtraAdvancedBionicHand;LTS_EPOE_InstallRightExtraAdvancedElbowBlade;LTS_EPOE_InstallRightExtraAdvancedHandTalon","0","","0","","","0","","0",""
"ThematicMetadata","SurgeryRecipe","I_ImplantedExplosives","Implanted explosives","Integrated Implants","lts.I","400","0","0","","11","11","LTS_InstallImplantedAntigrainWarhead;LTS_InstallImplantedArmorPiercing;LTS_InstallImplantedCluster;LTS_InstallImplantedDeadlife;LTS_InstallImplantedEMP;LTS_InstallImplantedFirefoam;LTS_InstallImplantedHighExplosive;LTS_InstallImplantedIncendiary;LTS_InstallImplantedShrapnel;LTS_InstallImplantedSmoke;LTS_InstallImplantedToxic","0","","0","","","0","","0",""
"ThematicMetadata","OtherRecipe;NonBuildingThing","I_SanguophageImplants","Sanguophage implants","Integrated Implants","lts.I","2000","0","0","","5","0","Make_DeathrestApparatus;Make_DeathrestCapacitor;Make_HemoFangs;Make_HemogenicActivator;Make_HemogenicMicrocompressor","5","DeathrestApparatus;DeathrestCapacitor;HemoFangs;HemogenicActivator;HemogenicMicrocompressor","0","","","0","","0",""
"ThematicMetadata","OtherRecipe;NonBuildingThing;Techprint","I_ShoulderTurrets","Implanted turrets","Integrated Implants","lts.I","1200","0","0","","5","0","Make_LTS_ShoulderBeamTurret;Make_LTS_ShoulderChargeTurret;Make_LTS_ShoulderMortar;Make_LTS_ShoulderRocketPod;Make_LTS_ShoulderTurret","5","LTS_ShoulderBeamTurret;LTS_ShoulderChargeTurret;LTS_ShoulderMortar;LTS_ShoulderRocketPod;LTS_ShoulderTurret","0","","Techprint_I_ShoulderTurrets","0","","1","MicroelectronicsBasics"
"ThematicMetadata","OtherRecipe;NonBuildingThing","I_SkillChipPort","Skill chips","Integrated Implants","lts.I","3000","0","0","","13","0","Make_LTS_SkillChipPort;Make_LTS_SpacerSkillChip_Animals;Make_LTS_SpacerSkillChip_Artistic;Make_LTS_SpacerSkillChip_Construction;Make_LTS_SpacerSkillChip_Cooking;Make_LTS_SpacerSkillChip_Crafting;Make_LTS_SpacerSkillChip_Intellectual;Make_LTS_SpacerSkillChip_Medicine;Make_LTS_SpacerSkillChip_Melee;Make_LTS_SpacerSkillChip_Mining;Make_LTS_SpacerSkillChip_Plants;Make_LTS_SpacerSkillChip_Shooting;Make_LTS_SpacerSkillChip_Social","13","LTS_SkillChipPort;LTS_SpacerSkillChip_Animals;LTS_SpacerSkillChip_Artistic;LTS_SpacerSkillChip_Construction;LTS_SpacerSkillChip_Cooking;LTS_SpacerSkillChip_Crafting;LTS_SpacerSkillChip_Intellectual;LTS_SpacerSkillChip_Medicine;LTS_SpacerSkillChip_Melee;LTS_SpacerSkillChip_Mining;LTS_SpacerSkillChip_Plants;LTS_SpacerSkillChip_Shooting;LTS_SpacerSkillChip_Social","0","","","0","","1","Fabrication"
"ThematicMetadata","OtherRecipe;NonBuildingThing;Techprint","I_SubdermalArmour","Subdermal armour","Integrated Implants","lts.I","6000","0","0","","2","0","Make_LTS_PrestigeSubdermalArmour;Make_LTS_SubdermalArmour","2","LTS_PrestigeSubdermalArmour;LTS_SubdermalArmour","0","","Techprint_I_SubdermalArmour","0","","2","ReconArmor;SkinHardening"
"ThematicMetadata","OtherRecipe;NonBuildingThing","I_TelecommunicationImplants","Telecommunication implants","Integrated Implants","lts.I","1200","0","0","","2","0","Make_LTS_CommsImplant;Make_LTS_Neurostreamer","2","LTS_CommsImplant;LTS_Neurostreamer","0","","","0","","1","MicroelectronicsBasics"
"ThematicMetadata","OtherRecipe;NonBuildingThing","LTS_AdvancedGhoulEnhancements","Advanced ghoul enhancements","Integrated Implants","lts.I","0","0","0","","6","0","Make_DeadlifeVenomClaw;Make_GhoulBioferriteExtractor;Make_GhoulMetabolicEngine;Make_GhoulPowerPlating;Make_NerveShredderClaw;Make_StalkerSkull","6","DeadlifeVenomClaw;GhoulBioferriteExtractor;GhoulMetabolicEngine;GhoulPowerPlating;NerveShredderClaw;StalkerSkull","0","","","0","","1","GhoulEnhancements"
"ThematicMetadata","OtherRecipe;NonBuildingThing","LTS_BionicFaceplates","Bionic faceplates","Integrated Implants","lts.I","2000","0","0","","1","0","Make_LTS_FaceplateArachnid","1","LTS_FaceplateArachnid","0","","","0","","0",""
"ThematicMetadata","OtherRecipe;NonBuildingThing","LTS_EmergencyImplants","Emergency implants","Integrated Implants","lts.I","1000","0","0","","3","0","Make_LTS_EmergencyShield;Make_LTS_EmergencyVacseal;Make_LTS_FireSupressionSystem","3","LTS_EmergencyShield;LTS_EmergencyVacseal;LTS_FireSupressionSystem","0","","","0","","0",""
"ThematicMetadata","OtherRecipe;NonBuildingThing","LTS_FieldManipulationImplants","Field manipulation implants","Integrated Implants","lts.I","4000","0","0","","2","0","Make_LTS_ShieldImplant;Make_LTS_StealthSystem","2","LTS_ShieldImplant;LTS_StealthSystem","0","","","0","","0",""
"ThematicMetadata","OtherRecipe;NonBuildingThing;Techprint","LTS_ModularBionicWeaponryUltra","Ultratech bionic modules","Integrated Implants","lts.I","6000","0","0","","6","0","Make_LTS_ModuleArm_Fletcher;Make_LTS_ModuleArm_LaserArmBlade;Make_LTS_ModuleArm_Monowire;Make_LTS_ModuleArm_PlasmaClaw;Make_LTS_ModuleArm_ZeusKnuckles;Make_LTS_ModuleLeg_GravKick","6","LTS_ModuleArm_Fletcher;LTS_ModuleArm_LaserArmBlade;LTS_ModuleArm_Monowire;LTS_ModuleArm_PlasmaClaw;LTS_ModuleArm_ZeusKnuckles;LTS_ModuleLeg_GravKick","0","","Techprint_LTS_ModularBionicWeaponryUltra","0","","1","LTS_ModularBionics"
"ThematicMetadata","OtherRecipe;NonBuildingThing","MetalhorrorSymbiont","Metalhorror symbiosis","Integrated Implants","lts.I","0","0","0","","1","0","Make_MetalhorrorSymbiont","1","MetalhorrorSymbiont","0","","","0","","1","DisruptorFlares"
"ThematicMetadata","SurgeryRecipe","NullificationLobotomy","Nullification lobotomy","Integrated Implants","lts.I","0","0","0","","1","1","NullificationLobotomy","0","","0","","","0","","1","BioferriteShaping"
"ThematicMetadata","OtherRecipe;NonBuildingThing","PsychicAgonizer","Psychic agonizer","Integrated Implants","lts.I","0","0","0","","1","0","Make_PsychicAgonizer","1","PsychicAgonizer","0","","","0","","1","DisruptorFlares"
"ThematicMetadata","OtherRecipe;NonBuildingThing","PsychicBeguiler","Psychic beguiler","Integrated Implants","lts.I","0","0","0","","1","0","Make_PsychicBeguiler","1","PsychicBeguiler","0","","","0","","1","BioferriteShaping"
"ThematicMetadata","OtherRecipe;NonBuildingThing","PsychicSustainer","Occultist implants","Integrated Implants","lts.I","0","0","0","","3","0","Make_LTS_PsychicReaper;Make_LTS_Voidlink;Make_PsychicSustainer","3","LTS_PsychicReaper;LTS_Voidlink;PsychicSustainer","0","","","0","","1","BioferriteShaping"
"ThematicMetadata","OtherRecipe;NonBuildingThing","SlayersCollar","Slayer's collar","Integrated Implants","lts.I","0","0","0","","1","0","Make_SlayersCollar","1","SlayersCollar","0","","","0","","1","BioferriteShaping"
"ThematicMetadata","SurgeryRecipe","StalkerizingSurgery","Emacification surgery","Integrated Implants","lts.I","0","0","0","","1","1","StalkerizingSurgery","0","","0","","","0","","1","BioferriteShaping"
"ThematicMetadata","OtherRecipe;NonBuildingThing","AT_AddictionPharmacology","Basic addiction pharmacology","Medical Expansion - Addiction Treatment","onofre150.me.addictions","1500","0","0","","1","0","AT_Make_AlcoholTreatment","1","AT_AlcoholTreatment","0","","","0","","1","DrugProduction"
"ThematicMetadata","OtherRecipe;NonBuildingThing","Research_AdvMolecularVirology","Advanced molecular virology","Medical Expansion - Vaccines","onofre150.me.vaccines","3000","0","0","","30","0","Make_NanoVaccine_Flu;Make_NanoVaccine_Flu_x10;Make_NanoVaccine_Flu_x5;Make_NanoVaccine_GutWorms;Make_NanoVaccine_GutWorms_x10;Make_NanoVaccine_GutWorms_x5;Make_NanoVaccine_Infection;Make_NanoVaccine_Infection_x10;Make_NanoVaccine_Infection_x5;Make_NanoVaccine_LungRot;Make_NanoVaccine_LungRot_x10;Make_NanoVaccine_LungRot_x5;Make_NanoVaccine_Malaria;Make_NanoVaccine_Malaria_x10;Make_NanoVaccine_Malaria_x5;Make_NanoVaccine_MuscleParasites;Make_NanoVaccine_MuscleParasites_x10;Make_NanoVaccine_MuscleParasites_x5;Make_NanoVaccine_Necroa;Make_NanoVaccine_Necroa_x10;Make_NanoVaccine_Necroa_x5;Make_NanoVaccine_Plague;Make_NanoVaccine_Plague_x10;Make_NanoVaccine_Plague_x5;Make_NanoVaccine_Scaria;Make_NanoVaccine_Scaria_x10;Make_NanoVaccine_Scaria_x5;Make_NanoVaccine_SleepingSickness;Make_NanoVaccine_SleepingSickness_x10;Make_NanoVaccine_SleepingSickness_x5","10","NanoVaccine_Flu;NanoVaccine_GutWorms;NanoVaccine_Infection;NanoVaccine_LungRot;NanoVaccine_Malaria;NanoVaccine_MuscleParasites;NanoVaccine_Necroa;NanoVaccine_Plague;NanoVaccine_Scaria;NanoVaccine_SleepingSickness","0","","","0","","2","Research_AggressiveViral;Research_TropicalPathogens"
"ThematicMetadata","OtherRecipe;NonBuildingThing","Research_AggressiveViral","Aggressive viral pathogens","Medical Expansion - Vaccines","onofre150.me.vaccines","1800","0","0","","3","0","Make_Vaccine_Scaria;Make_Vaccine_Scaria_x10;Make_Vaccine_Scaria_x5","1","Vaccine_Scaria","0","","","0","","1","Research_BasicImmunology"
"ThematicMetadata","OtherRecipe;NonBuildingThing","Research_AnimalImmunology","Animal immunology","Medical Expansion - Vaccines","onofre150.me.vaccines","800","0","0","","9","0","Make_AnimalVaccine_Flu;Make_AnimalVaccine_Flu_x10;Make_AnimalVaccine_Flu_x5;Make_AnimalVaccine_Plague;Make_AnimalVaccine_Plague_x10;Make_AnimalVaccine_Plague_x5;Make_AnimalVaccine_Scaria;Make_AnimalVaccine_Scaria_x10;Make_AnimalVaccine_Scaria_x5","3","AnimalVaccine_Flu;AnimalVaccine_Plague;AnimalVaccine_Scaria","0","","","0","","1","Research_BasicImmunology"
"ThematicMetadata","OtherRecipe;NonBuildingThing","Research_MechaniteBiology","Mechanite biology","Medical Expansion - Vaccines","onofre150.me.vaccines","3500","0","0","","20","0","Make_MechaniteStabilizer_Fibrous;Make_MechaniteStabilizer_Sensory;Make_NanoNeutralizer_FibrousMechanites;Make_NanoNeutralizer_FibrousMechanites_x10;Make_NanoNeutralizer_FibrousMechanites_x5;Make_NanoNeutralizer_MetalhorrorImplant;Make_NanoNeutralizer_MetalhorrorImplant_x10;Make_NanoNeutralizer_MetalhorrorImplant_x5;Make_NanoNeutralizer_SensoryMechanites;Make_NanoNeutralizer_SensoryMechanites_x10;Make_NanoNeutralizer_SensoryMechanites_x5;Make_NanoVaccine_FibrousMechanites;Make_NanoVaccine_FibrousMechanites_x10;Make_NanoVaccine_FibrousMechanites_x5;Make_NanoVaccine_MetalhorrorImplant;Make_NanoVaccine_MetalhorrorImplant_x10;Make_NanoVaccine_MetalhorrorImplant_x5;Make_NanoVaccine_SensoryMechanites;Make_NanoVaccine_SensoryMechanites_x10;Make_NanoVaccine_SensoryMechanites_x5","8","MEV_MechaniteStabilizer_Fibrous;MEV_MechaniteStabilizer_Sensory;NanoNeutralizer_FibrousMechanites;NanoNeutralizer_MetalhorrorImplant;NanoNeutralizer_SensoryMechanites;NanoVaccine_FibrousMechanites;NanoVaccine_MetalhorrorImplant;NanoVaccine_SensoryMechanites","0","","","0","","1","Research_AdvMolecularVirology"
"ThematicMetadata","OtherRecipe;NonBuildingThing","Research_TropicalPathogens","Tropical pathogens","Medical Expansion - Vaccines","onofre150.me.vaccines","1000","0","0","","3","0","Make_Vaccine_Malaria;Make_Vaccine_Malaria_x10;Make_Vaccine_Malaria_x5","1","Vaccine_Malaria","0","","","0","","1","Research_BasicImmunology"
"GenericFallbackOnly","","AC_ArtisanalFermentation","Artisanal fermentation","Alpha Crafts","sarg.alphacrafts","250","0","0","","0","0","","0","","0","","","0","","1","AC_VinegarBrewing"
"ThematicMetadata","OtherRecipe;NonBuildingThing","AC_ComplexArtisanalCrafting","Complex artisanal crafting","Alpha Crafts","sarg.alphacrafts","300","0","0","","11","0","AC_BrewFlavouredKombucha;AC_InfuseMayonnaise;AC_MakeBlackMayonnaise;AC_MakeMayonnaise;AC_MakeSaltedCaramel;AC_MakeSoap;AC_MakeSourCream;AC_PickleEggs;AC_PickleVegetables;AC_PourCandles;AC_PrepareChutney","11","AC_BlackMayonnaise;AC_Chutney;AC_FlavouredKombucha;AC_InfusedMayonnaise;AC_Mayonnaise;AC_PickledEggs;AC_Pickles;AC_SaltedCaramel;AC_ScentedCandle;AC_Soap;AC_SourCream","0","","","0","","1","AC_MiscellaneousArtisanalCrafting"
"ThematicMetadata","OtherRecipe;NonBuildingThing","AM_HeavyMechtech","Goliath","Alpha Mechs","sarg.alphamechs","1500","0","0","","1","0","AM_GoliathRecipe","1","AM_Goliath","0","","","0","","1","HighMechtech"
"ThematicMetadata","OtherRecipe;NonBuildingThing","AM_StandardMechtech","Sagittarius","Alpha Mechs","sarg.alphamechs","1000","0","0","","2","0","AM_Gestate_Sanguinarius;AM_Mech_SagittariusRecipe","2","AM_Mech_Sagittarius;AM_Mech_Sanguinarius","0","","","0","","1","StandardMechtech"
"ThematicMetadata","OtherRecipe;NonBuildingThing","AM_UltraHeavyMechtech","Siegebreaker","Alpha Mechs","sarg.alphamechs","3000","0","0","","2","0","AM_SiegebreakerRecipe;AM_StarfireRecipe","2","AM_Siegebreaker;AM_Starfire","0","","","0","","1","UltraMechtech"
"ThematicMetadata","OtherRecipe;NonBuildingThing","AM_WorkerStandardMechtech","Daggersnout","Alpha Mechs","sarg.alphamechs","500","0","0","","3","0","AM_DaggersnoutRecipe;AM_Gestate_Angler;AM_Gestate_Geneticor","3","AM_Daggersnout;AM_Mech_Angler;AM_Mech_Geneticor","0","","","0","","1","BasicMechtech"
"ThematicMetadata","OtherRecipe;NonBuildingThing","AdvancedBionics","Advanced bionics","Expanded Prosthetics and Organ Engineering - Forked","vat.epoeforked","2500","0","0","","20","0","CreateAdvancedBionicArm;CreateAdvancedBionicEar;CreateAdvancedBionicEye;CreateAdvancedBionicFoot;CreateAdvancedBionicHand;CreateAdvancedBionicJaw;CreateAdvancedBionicLeg;CreateAdvancedBionicSpine;CreateAdvancedPowerArm;Make_AdvancedBionicArm;Make_AdvancedBionicEar;Make_AdvancedBionicEye;Make_AdvancedBionicFoot;Make_AdvancedBionicHand;Make_AdvancedBionicJaw;Make_AdvancedBionicLeg;Make_AdvancedBionicSpine;Make_AdvancedPowerArm;Make_EPIA_ProtectiveExoskeleton;Make_ExoskeletonSuit","11","AdvancedBionicArm;AdvancedBionicEar;AdvancedBionicEye;AdvancedBionicFoot;AdvancedBionicHand;AdvancedBionicJaw;AdvancedBionicLeg;AdvancedBionicSpine;AdvancedPowerArm;EPIA_ProtectiveExoskeleton;ExoskeletonSuit","0","","","0","","2","AdvancedFabrication;Bionics"
"ThematicMetadata","SurgeryRecipe","BrainSurgery","Brain surgery","Expanded Prosthetics and Organ Engineering - Forked","vat.epoeforked","750","0","0","","29","29","EPIA_InstallAuxiliaryAI_Artisan;EPIA_InstallAuxiliaryAI_Brawler;EPIA_InstallAuxiliaryAI_Commando;EPIA_InstallAuxiliaryAI_Sharpshooter;EPIA_RemoveAuxiliaryAI_Artisan;EPIA_RemoveAuxiliaryAI_Brawler;EPIA_RemoveAuxiliaryAI_Commando;EPIA_RemoveAuxiliaryAI_Sharpshooter;EPIA_RepairBrainScar;EPIA_SurgeryBrainRemoveChemicalDamageModerate;EPIA_SurgeryBrainRemoveChemicalDamageSevere;EPOE_SurgeryRemoveAlzheimers;EPOE_SurgeryRemoveDementia;InstallAIChip;InstallBrainStimulator;InstallConstructorCore;InstallDiplomatCore;InstallDoctorCore;InstallFarmerCore;InstallMinerCore;RemoveAIChip;RemoveBrainStimulator;RemoveConstructorCore;RemoveDiplomatCore;RemoveDoctorCore;RemoveFarmerCore;RemoveJoywire;RemoveMinerCore;RemovePainstopper","0","","0","","","0","","1","MicroelectronicsBasics"
"ThematicMetadata","SurgeryRecipe","EPOE_AIPersonaCoreImplant","AI persona core implant","Expanded Prosthetics and Organ Engineering - Forked","vat.epoeforked","1000","0","0","","1","1","InstallAIPersonaCore","0","","0","","","0","","1","EPOE_Glitterworld_Implants"
"ThematicMetadata","OtherRecipe;NonBuildingThing","EPOE_Glitterworld_Implants","Glitterworld implants","Expanded Prosthetics and Organ Engineering - Forked","vat.epoeforked","2500","0","0","","4","0","Make_EPIA_AuxiliaryAI_Combat;Make_EPIA_AuxiliaryAI_Worker;Make_EPIA_TacticalBionicEye;Make_TacticalCorneaImplant","4","EPIA_AuxiliaryAI_Combat;EPIA_AuxiliaryAI_Worker;EPIA_TacticalBionicEye;TacticalCorneaImplant","0","","","0","","3","AdvancedBionics;BrainSurgery;SyntheticOrgans"
"ThematicMetadata","OtherRecipe;NonBuildingThing","EPOE_MAAIChip","MA-AI chip","Expanded Prosthetics and Organ Engineering - Forked","vat.epoeforked","3000","0","0","","1","0","Make_EPOE_MAAI_Chip","1","EPOE_MAAI_Chip","0","","","0","","3","AdvancedBionics;SyntheticOrgans;VitalsMonitor"
"ThematicMetadata","OtherRecipe;NonBuildingThing","EPOE_NeurologicalTreatment","Neurological treatment","Expanded Prosthetics and Organ Engineering - Forked","vat.epoeforked","1000","0","0","","1","0","Make_NeurocureFramework","1","NeurocureFramework","0","","","0","","1","EPOE_SyntheticRepair"
"ThematicMetadata","OtherRecipe;NonBuildingThing","EPOE_OrganicOptimizer","Organic optimization","Expanded Prosthetics and Organ Engineering - Forked","vat.epoeforked","2000","0","0","","2","0","Make_EPOE_InstinctOptimizingNanobots;Make_EPOE_OrganicOptimizingNanobots","2","EPOE_InstinctOptimizingNanobots;EPOE_OrganicOptimizingNanobots","0","","","0","","2","AdvancedFabrication;SyntheticOrgans"
"ThematicMetadata","OtherRecipe;NonBuildingThing","EPOE_SyntheticRepair","Synthetic repair","Expanded Prosthetics and Organ Engineering - Forked","vat.epoeforked","300","0","0","","3","0","Make_EPIA_SyntheticBone;Make_NeuromuscularFramework;Make_SyntheticSkin","3","EPIA_SyntheticBone;NeuromuscularFramework;SyntheticSkin","0","","","0","","1","SyntheticOrgans"
"ThematicMetadata","OtherRecipe;NonBuildingThing","RibReplacements","Rib implants","Expanded Prosthetics and Organ Engineering - Forked","vat.epoeforked","500","0","0","","19","0","CreateAdrenalineRib;CreateCoagulatorRib;CreateDruggedRib;CreateMedicalRib;CreatePainkillerRib;CreateRespirationRib;CreateWakeUpRib;EPIA_UpgradeCoolingRib;EPIA_UpgradeHeatingRib;Make_AdrenalineRib;Make_CoagulatorRib;Make_CoolerRib;Make_DruggedRib;Make_HeaterRib;Make_MedicalRib;Make_PainkillerRib;Make_RespirationRib;Make_SimpleRib;Make_WakeUpRib","10","AdrenalineRib;CoagulatorRib;CoolerRib;DruggedRib;HeaterRib;MedicalRib;PainkillerRib;RespirationRib;SimpleRib;WakeUpRib","0","","","0","","2","MedicineProduction;SyntheticOrgans"
"ThematicMetadata","OtherRecipe;NonBuildingThing","SurrogateOrgans","Surrogate organs","Expanded Prosthetics and Organ Engineering - Forked","vat.epoeforked","300","0","0","","6","0","Make_BrainStimulator;Make_SimpleProstheticHeart;Make_SurrogateKidney;Make_SurrogateLiver;Make_SurrogateLung;Make_SurrogateStomach","6","BrainStimulator;SimpleProstheticHeart;SurrogateKidney;SurrogateLiver;SurrogateLung;SurrogateStomach","0","","","0","","2","MicroelectronicsBasics;Prosthetics"
"ThematicMetadata","OtherRecipe;NonBuildingThing;Techprint","EPOE_AdvancedCompactWeaponry","Advanced compact weaponry","EPOE-Forked: Royalty DLC expansion","vat.epoeforkedroyalty","1000","0","0","","12","0","EPIA_UpgradeAdvancedElbowBlade;EPIA_UpgradeAdvancedHandTalon;EPIA_UpgradeAdvancedKneeSpike;EPIA_UpgradeBionicElbowBlade;EPIA_UpgradeBionicHandTalon;EPIA_UpgradeBionicKneeSpike;Make_EPOE_AdvancedElbowBlade;Make_EPOE_AdvancedHandTalon;Make_EPOE_AdvancedKneeSpike;Make_EPOE_ScytherElbowBlade;Make_EPOE_ScytherHandTalon;Make_EPOE_ScytherKneeSpike","6","EPOE_AdvancedElbowBlade;EPOE_AdvancedHandTalon;EPOE_AdvancedKneeSpike;EPOE_ScytherElbowBlade;EPOE_ScytherHandTalon;EPOE_ScytherKneeSpike","0","","Techprint_EPOE_AdvancedCompactWeaponry","0","","1","CompactWeaponry"
"ThematicMetadata","OtherRecipe;NonBuildingThing;Techprint","EPOE_AdvancedSpecializedLimbs","Advanced specialized limbs","EPOE-Forked: Royalty DLC expansion","vat.epoeforkedroyalty","1000","0","0","","4","0","EPIA_UpgradeAdvancedDrillArm;EPIA_UpgradeAdvancedFieldHand;Make_EPOE_AdvancedDrillArm;Make_EPOE_AdvancedFieldHand","2","EPOE_AdvancedDrillArm;EPOE_AdvancedFieldHand","0","","Techprint_EPOE_AdvancedSpecializedLimbs","0","","1","SpecializedLimbs"
"ThematicMetadata","OtherRecipe;NonBuildingThing;Techprint","EPOE_SyntheticOrgansIntegration","Synthetic organ integration","EPOE-Forked: Royalty DLC expansion","vat.epoeforkedroyalty","1000","0","0","","2","0","Make_EPOE_DetoxifierSyntheticLiver;Make_EPOE_ImmunoenhancerSyntheticKidney","2","EPOE_DetoxifierSyntheticLiver;EPOE_ImmunoenhancerSyntheticKidney","0","","Techprint_EPOE_SyntheticOrgansIntegration","0","","1","MolecularAnalysis"
"ThematicMetadata","OtherRecipe;NonBuildingThing","IW_IonChargeWeaponry","Ion Weaponry","Ion Weaponry (Continued)","zal.ionweaponry","2000","0","0","","7","0","Make_IW_Gun_HeavyIonLance;Make_IW_Gun_IonDMR;Make_IW_Gun_IonLMG;Make_IW_Gun_IonPDW;Make_IW_Gun_IonPistol;Make_IW_Gun_IonRifle;Make_IW_Gun_IonSlugthrower","7","IW_Gun_HeavyIonLance;IW_Gun_IonDMR;IW_Gun_IonLMG;IW_Gun_IonPDW;IW_Gun_IonPistol;IW_Gun_IonRifle;IW_Gun_IonSlugthrower","0","","","0","","1","ChargedShot"
